,fbcsp,eegnet,safka_csp,multikernel_safka_csp,csp
0,0.9205,0.8698,0.9344,0.6887,0.421
1,0.5703,0.4916,0.9953,0.9991,0.7882
2,0.9992,0.8717,0.6307,0.5018,0.2441
3,0.9749,0.8382,0.8057,0.549,0.9433
4,0.9421,0.3025,0.6855,0.9921,0.4944
5,0.9839,0.9612,0.9076,0.9894,0.9342
6,0.8982,0.863,0.9842,0.9949,0.1604
7,0.9945,0.0477,0.7341,0.9671,0.9451
8,0.7478,0.7102,0.8259,0.8177,0.7313
9,0.2304,0.9962,0.7472,0.945,0.2235
10,0.6556,0.983,0.467,0.8793,0.9732
11,0.9999,0.8692,0.9168,0.9364,0.7735
12,0.2776,0.2049,0.6903,0.7762,0.6958
13,0.9695,0.7327,0.9265,0.9366,0.6711
14,0.9923,0.7759,0.9902,0.9866,0.4261
15,0.9936,0.5206,0.7374,0.856,0.5539
16,0.9583,0.9492,0.9751,0.9474,0.9628
17,0.9952,0.9303,0.9827,0.9952,0.1198
18,0.9979,0.98,0.9977,0.999,0.6852
19,0.9941,0.9273,0.7384,0.9981,0.9259
20,0.7525,0.5693,0.9001,0.7305,0.7737
21,0.7044,0.0886,0.9652,0.6942,0.6841
22,0.0494,0.8653,0.0625,0.577,0.6761
23,0.966,0.9034,0.9229,0.9894,0.3787
24,0.9982,0.3818,0.9677,0.9742,0.3377
25,0.3472,0.9232,0.4187,0.8772,0.2052
26,0.9637,0.4675,0.7851,0.1465,0.6902
27,0.0256,0.6373,0.903,0.9891,0.0661
28,0.8948,0.3991,0.9127,0.7841,0.9733
29,0.9989,0.921,0.9404,0.9959,0.8374
30,0.9788,0.9933,0.4378,0.878,0.8212
31,0.797,0.9809,0.4656,0.1306,0.7895
32,0.8326,0.9928,0.9813,0.9953,0.93
33,0.2035,0.8635,0.9495,0.999,0.7451
34,0.9222,0.0653,0.999,0.9983,0.1448
35,0.9994,0.9558,0.9998,0.9999,0.7136
36,0.9617,0.9618,0.9883,0.9916,0.8808
37,0.9796,0.902,0.9958,0.9979,0.6747
38,0.0924,0.9938,0.307,0.2064,0.8059
39,0.5106,0.3773,0.7692,0.9666,0.5089
40,0.9628,0.0572,0.9934,0.9956,0.2563
41,0.8258,0.3144,0.9415,0.8092,0.8715
42,0.9993,0.9664,0.8842,0.935,0.7929
43,0.999,0.7086,0.9996,0.9997,0.8473
44,0.4737,0.9189,0.3924,0.9297,0.5219
45,0.0068,0.0754,0.6023,0.3967,0.3063
46,0.7987,0.4037,0.9931,0.997,0.8169
47,0.5461,0.5458,0.7641,0.8918,0.7464
48,0.9978,0.9547,0.9977,0.9995,0.486
49,0.9839,0.2807,0.8972,0.9988,0.8222
50,0.4282,0.2687,0.3793,0.421,0.9433
51,0.4441,0.8312,0.9322,0.9744,0.9663
52,0.5402,0.7286,0.3633,0.1066,0.8776
53,0.9348,0.8989,0.5515,0.1444,0.8626
54,0.5298,0.7247,0.8756,0.966,0.9184
55,0.4208,0.8142,0.8614,0.9908,0.4357
56,0.1106,0.8472,0.2051,0.0242,0.4333
57,0.0728,0.9431,0.3335,0.3313,0.8286
58,0.9976,0.9188,0.9995,0.9997,0.6103
59,0.9374,0.3223,0.9626,0.9744,0.2373
60,0.9771,0.8994,0.8095,0.6885,0.479
61,0.9854,0.8916,0.5185,0.6912,0.2889
62,0.9868,0.8173,0.2571,0.2229,0.3662
63,0.0266,0.7042,0.5744,0.8505,0.4015
64,0.0594,0.7305,0.267,0.0842,0.5285
65,1.0,0.9588,0.9967,0.9986,0.5204
66,0.9997,0.1458,0.8084,0.9948,0.6879
67,0.9459,0.8237,0.8525,0.9708,0.6778
68,0.9949,0.2921,0.9673,0.9944,0.0425
69,0.988,0.9484,0.9473,0.9561,0.37
70,0.9974,0.8784,0.9429,0.9872,0.7414
71,0.1848,0.9711,0.9691,0.9729,0.4947
72,0.082,0.8382,0.9638,0.9967,0.5777
73,0.9765,0.9836,0.8196,0.7685,0.7885
74,0.9977,0.2804,0.9922,0.9319,0.4478
75,0.9997,0.9813,0.8728,0.836,0.693
76,0.9943,0.9079,0.9735,0.9992,0.6068
77,0.9591,0.9601,0.9998,0.9987,0.5215
78,0.8735,0.865,0.7535,0.9089,0.5759
79,0.8163,0.898,0.9939,0.9994,0.3974
80,0.0219,0.3955,0.244,0.8865,0.8952
81,0.9998,0.9281,0.8973,0.9648,0.7058
82,0.6152,0.954,0.869,0.9172,0.4219
83,0.8813,0.9063,0.7629,0.9812,0.3597
84,0.9904,0.4473,0.9812,0.9968,0.7359
85,0.987,0.944,0.233,0.1562,0.9379
86,0.9991,0.9973,0.9813,0.9968,0.2732
87,0.2486,0.853,0.9936,0.9127,0.8573
88,0.8494,0.6762,0.9352,0.9888,0.8237
89,0.0001,0.8655,0.9922,0.9439,0.6406
90,0.9998,0.7741,0.9976,0.9968,0.6099
91,0.9971,0.4283,0.9967,0.9996,0.6376
92,0.9832,0.8567,0.9952,0.9735,0.399
93,0.9046,0.7899,0.9956,0.9857,0.7517
94,0.7486,0.9504,0.9755,0.9189,0.4569
95,0.9728,0.6663,0.9939,0.9991,0.7484
96,1.0,0.2744,0.9999,0.9989,0.5193
97,0.9861,0.9446,0.6598,0.9893,0.4484
98,0.9953,0.6046,0.9502,0.9991,0.8199
99,0.8795,0.8867,0.8526,0.8714,0.4741
100,0.805,0.1943,0.9983,0.995,0.5149
101,0.9328,0.7892,0.9602,0.9831,0.5753
102,0.6992,0.7345,0.4183,0.9836,0.2361
103,0.7926,0.1994,0.5325,0.2296,0.6703
104,1.0,0.9633,0.94,0.6487,0.1254
105,0.9881,0.9419,0.7914,0.9041,0.6263
106,0.8809,0.4347,0.9675,0.9973,0.419
107,0.8087,0.0963,0.9078,0.985,0.6499
108,0.9996,0.8999,0.9992,0.999,0.403
109,0.5074,0.9584,0.957,0.9253,0.4905
110,0.999,0.4221,0.9534,0.9202,0.5645
111,0.8223,0.7975,0.7589,0.2969,0.417
112,0.9762,0.9769,0.5946,0.3486,0.667
113,1.0,0.6052,0.9996,0.9865,0.4379
114,0.9987,0.918,0.637,0.1424,0.6712
115,0.8939,0.0734,0.7949,0.3635,0.2831
116,0.6345,0.804,0.8147,0.8463,0.435
117,0.9998,0.9456,0.9946,0.9991,0.9219
118,0.981,0.1273,0.7503,0.6119,0.4624
119,0.7486,0.9604,0.5708,0.7406,0.6304
120,0.8834,0.1842,0.8722,0.8591,0.8123
121,0.7724,0.9506,0.0968,0.0592,0.5548
122,0.9981,0.6935,0.3631,0.1765,0.2142
123,0.9981,0.0496,0.7612,0.9157,0.8379
124,0.9914,0.9904,0.9525,0.8107,0.3793
125,0.9975,0.7539,0.6421,0.8465,0.7695
126,0.9205,0.9309,0.8859,0.9596,0.91
127,0.9841,0.4069,0.9891,0.9455,0.1733
128,1.0,0.8965,0.997,0.9992,0.6223
129,0.9222,0.9155,0.8849,0.9545,0.6037
130,0.9988,0.0658,0.6141,0.3673,0.2087
131,0.9978,0.9529,0.9959,0.9917,0.9727
132,0.999,0.9466,0.9832,0.9345,0.7054
133,0.8493,0.058,0.3583,0.0606,0.1051
134,1.0,0.9961,0.9258,0.753,0.6501
135,0.9999,0.9563,0.9973,0.9986,0.8487
136,0.9902,0.5319,0.9974,0.9966,0.8936
137,0.9998,0.8117,0.481,0.6349,0.8345
138,0.9987,0.5129,0.9707,0.9664,0.4756
139,0.9958,0.9676,0.9518,0.9981,0.9955
140,0.0007,0.9835,0.8675,0.9064,0.6408
141,0.9941,0.3201,0.4819,0.3329,0.2363
142,0.9973,0.9704,0.9352,0.9962,0.9009
143,0.7499,0.5193,0.8282,0.8188,0.1705
144,1.0,0.5396,0.2004,0.0661,0.3581
145,0.8574,0.9628,0.9258,0.9268,0.4833
146,0.8647,0.787,0.8973,0.9819,0.209
147,0.5459,0.9439,0.74,0.97,0.9457
148,0.4452,0.9897,0.8923,0.9354,0.9441
149,0.9992,0.9205,0.992,0.9617,0.1485
150,0.574,0.9211,0.9831,0.9991,0.5338
151,1.0,0.1203,0.9884,0.9568,0.1957
152,0.9992,0.9363,0.8715,0.8772,0.2607
153,0.9784,0.8277,0.9876,0.9941,0.9281
154,0.9552,0.8751,0.9607,0.937,0.7183
155,0.0164,0.7601,0.9885,0.9619,0.19
156,0.9961,0.9912,0.9896,0.9992,0.935
157,0.9779,0.7562,0.9992,0.9988,0.772
158,0.0284,0.7783,0.7466,0.8976,0.6133
159,0.8724,0.611,0.9942,0.9974,0.908
160,0.4159,0.4951,0.8231,0.8899,0.6612
161,0.9755,0.9461,0.9963,0.9936,0.6063
162,0.9985,0.4513,0.8562,0.8635,0.3728
163,0.8388,0.9882,0.7656,0.9304,0.9494
164,0.9897,0.9929,0.8604,0.6922,0.941
165,0.6081,0.8291,0.8367,0.2368,0.3832
166,0.6356,0.7849,0.6679,0.8655,0.8214
167,0.9996,0.8957,0.9401,0.8103,0.4039
168,0.993,0.9054,0.8288,0.1716,0.2788
169,0.9892,0.94,0.3509,0.4849,0.8568
170,1.0,0.0489,0.7695,0.7841,0.3054
171,0.4803,0.9875,0.7474,0.9383,0.9203
172,0.7218,0.925,0.7746,0.662,0.8754
173,0.5618,0.9973,0.7513,0.9749,0.608
174,0.8445,0.565,0.7609,0.9828,0.9533
175,0.9097,0.5376,0.2379,0.0336,0.8963
176,0.9051,0.8182,0.5855,0.9598,0.9362
177,0.9996,0.5249,0.659,0.2643,0.4172
178,0.8779,0.9939,0.8747,0.4773,0.1418
179,0.0849,0.967,0.5372,0.638,0.9047
180,0.9974,0.764,0.2844,0.8969,0.7842
181,0.4977,0.9591,0.9476,0.978,0.5663
182,0.994,0.9581,0.9516,0.9316,0.7762
183,0.8948,0.9661,0.5356,0.9425,0.7631
184,0.9952,0.3856,0.9105,0.9879,0.6541
185,0.46,0.081,0.9892,0.9701,0.4184
186,0.9995,0.944,0.8993,0.9788,0.8803
187,0.0608,0.8794,0.7628,0.6568,0.7216
188,0.9995,0.7868,0.8987,0.9211,0.6821
189,0.2784,0.9866,0.5952,0.44,0.2586
190,0.7479,0.1242,0.7198,0.9943,0.3342
191,0.9102,0.9943,0.9353,0.998,0.9227
192,0.1655,0.0712,0.9518,0.9122,0.8924
193,0.7905,0.919,0.9053,0.9942,0.7433
194,0.8472,0.9718,0.8775,0.8583,0.9357
195,0.9357,0.1525,0.7029,0.2394,0.855
196,0.5691,0.9346,0.9326,0.2331,0.6711
197,0.9996,0.5212,0.9998,0.9995,0.3422
198,0.3399,0.6873,0.3728,0.8487,0.0905
199,0.9948,0.2116,0.9999,1.0,0.8086
200,0.221,0.9793,0.9914,0.9999,0.9229
201,0.9962,0.9688,0.987,0.9861,0.7317
202,0.4636,0.6289,0.6745,0.9231,0.4773
203,0.9999,0.8985,0.9951,0.9915,0.7695
204,0.9972,0.0579,0.0295,0.9974,0.015
205,0.1915,0.9944,0.9959,0.9992,0.1022
206,0.1428,0.3562,0.5974,0.9966,0.8966
207,0.9802,0.827,0.8938,0.9925,0.7074
208,0.9596,0.6143,0.9999,0.9996,0.164
209,0.9918,0.4616,0.9542,0.899,0.7754
210,0.981,0.0441,0.9517,0.5578,0.5228
211,0.8138,0.8549,0.9811,0.9899,0.5802
212,0.9539,0.4448,0.9999,0.9999,0.6669
213,0.9987,0.9329,0.978,0.9867,0.2903
214,0.0862,0.1555,0.9998,0.9995,0.3547
215,0.1086,0.954,0.9408,0.8751,0.7242
216,0.0974,0.6934,0.7773,0.961,0.4128
217,0.3211,0.8373,0.7486,0.9791,0.9228
218,0.9888,0.9735,0.9699,0.9822,0.8293
219,0.8227,0.7712,0.9529,0.9697,0.4079
220,0.9109,0.927,0.4854,0.7858,0.7376
221,0.9969,0.915,0.9896,0.9933,0.6155
222,0.7901,0.8379,0.5945,0.5347,0.4306
223,0.1938,0.9502,0.4028,0.9717,0.641
224,0.9381,0.7906,0.9232,0.8814,0.8196
225,0.9937,0.8892,0.583,0.0075,0.1774
226,0.999,0.9236,0.7527,0.4919,0.9311
227,0.0349,0.9706,0.5075,0.0893,0.3967
228,0.8038,0.7923,0.9811,0.9182,0.8311
229,0.9128,0.164,0.9554,0.9181,0.4564
230,0.3675,0.1921,0.9828,0.9528,0.6371
231,0.0935,0.5215,0.8027,0.7995,0.8078
232,0.9965,0.7278,0.9927,0.9566,0.3565
233,0.9608,0.9739,0.8441,0.9417,0.742
234,0.9678,0.1978,0.3532,0.0314,0.2593
235,0.9343,0.9489,0.8135,0.9544,0.7383
236,0.8025,1.0,0.9989,0.9974,0.998
237,0.9927,0.8673,0.9918,0.9992,0.9797
238,0.5363,0.898,0.8076,0.4249,0.4401
239,0.7601,0.7885,0.8861,0.7359,0.2473
240,0.0933,0.9859,0.7552,0.9764,0.9669
241,0.8415,0.4239,0.1796,0.1668,0.7143
242,0.9997,0.2629,0.7366,0.6829,0.4417
243,0.6568,0.1417,0.9021,0.7564,0.1552
244,0.9982,0.9853,0.9477,0.9647,0.6935
245,0.9999,0.821,0.9984,0.9801,0.0839
246,0.9747,0.9296,0.7499,0.7627,0.4705
247,0.4039,0.9348,0.8354,0.5332,0.0818
248,1.0,0.9624,0.9033,0.9215,0.4947
249,0.9998,0.8882,0.4977,0.9592,0.8473
250,0.3878,0.9763,0.8473,0.8778,0.4296
251,0.4084,0.9382,0.8368,0.8705,0.4992
252,0.0281,0.8294,0.7971,0.9239,0.7593
253,0.9992,0.599,0.9383,0.1184,0.0593
254,0.9993,0.5665,0.9868,0.934,0.1272
255,0.9882,0.1362,0.9275,0.9885,0.7735
256,0.8864,0.9177,0.7258,0.9711,0.7939
257,0.998,0.9673,0.9878,0.9958,0.7271
258,0.9949,0.7308,0.9988,0.9986,0.3043
259,1.0,0.3234,0.9361,0.9896,0.8421
260,0.9893,0.4396,0.9996,0.9999,0.9474
261,0.9893,0.023,0.9576,0.9909,0.8285
262,0.9993,0.8807,0.8936,0.8589,0.3426
263,0.9908,0.8268,0.9556,0.7028,0.2991
264,0.9992,0.9823,0.6285,0.9159,0.8361
265,1.0,0.3052,0.9997,0.9991,0.5859
266,0.816,0.8596,0.9815,0.9995,0.9484
267,0.9839,0.6629,0.8448,0.9831,0.9445
268,1.0,0.9193,0.9707,0.9992,0.8451
269,0.4968,0.5042,0.6513,0.3281,0.1436
270,0.7944,0.9539,0.8192,0.4289,0.6006
271,0.9977,0.7581,0.913,0.9877,0.7748
272,0.9668,0.9303,0.9149,0.9842,0.5743
273,0.9274,0.7392,0.9895,0.9983,0.7264
274,0.9935,0.937,0.9988,0.9989,0.6809
275,0.9047,0.911,0.6573,0.3307,0.199
276,0.9933,0.9533,0.7595,0.8976,0.8917
277,0.9332,0.5628,0.9388,0.7776,0.6677
278,0.2725,0.4945,0.6586,0.6681,0.4078
279,0.9997,0.7956,0.99,0.976,0.3842
280,0.9997,0.9743,0.9998,0.9998,0.5942
281,0.9992,0.7828,0.9164,0.9956,0.8825
282,0.4926,0.9587,0.5226,0.6766,0.5454
283,0.9236,0.7642,0.8547,0.7741,0.1407
284,1.0,0.8317,0.8743,0.6396,0.2967
285,0.1482,0.0949,0.4598,0.1592,0.3377
286,0.9622,0.404,0.8018,0.9323,0.6549
287,0.2198,0.3527,0.4213,0.9097,0.8944
288,0.9193,0.7111,0.4553,0.1586,0.4024
289,0.9955,0.8204,0.2412,0.3712,0.5139
290,0.7377,0.9799,0.6403,0.2634,0.6011
291,0.4745,0.3566,0.5518,0.5551,0.7207
292,0.13,0.2436,0.4558,0.0682,0.5415
293,0.9704,0.8556,0.6835,0.2184,0.6367
294,0.3195,0.72,0.3039,0.2792,0.688
295,0.9705,0.8744,0.4717,0.6722,0.4656
296,0.0318,0.7645,0.1623,0.1848,0.1232
297,0.85,0.8151,0.8769,0.8221,0.6024
298,0.0813,0.022,0.4522,0.5545,0.7529
299,0.9385,0.6724,0.6547,0.4195,0.7137
300,0.462,0.2183,0.5903,0.6276,0.2255
301,0.6755,0.6498,0.4018,0.5438,0.3763
302,0.4255,0.7736,0.291,0.6754,0.7338
303,0.7211,0.8725,0.3541,0.6209,0.4136
304,0.8888,0.7365,0.5215,0.3455,0.3745
305,0.2398,0.8146,0.7261,0.5321,0.6335
306,0.9539,0.6298,0.3026,0.571,0.6465
307,0.3773,0.8406,0.2708,0.4478,0.4491
308,0.0091,0.9644,0.2531,0.1448,0.416
309,0.2525,0.5809,0.7293,0.7698,0.2876
310,0.0836,0.1579,0.8285,0.7712,0.3293
311,0.0333,0.993,0.6478,0.8606,0.5347
312,0.3334,0.2507,0.8449,0.8645,0.7697
313,0.4243,0.5522,0.3438,0.3025,0.4427
314,0.7846,0.9538,0.6034,0.5059,0.8008
315,0.285,0.8757,0.2792,0.4322,0.9162
316,0.6029,0.6875,0.3657,0.5151,0.7663
317,0.2064,0.8591,0.6363,0.8632,0.3864
318,0.9947,0.6503,0.5739,0.5599,0.4916
319,0.5341,0.5316,0.7352,0.6511,0.3779
320,0.9101,0.9413,0.5953,0.591,0.9268
321,0.1052,0.0737,0.7532,0.5183,0.3566
322,0.9387,0.5919,0.3102,0.1799,0.5937
323,0.8751,0.8844,0.5898,0.1554,0.6077
324,0.2984,0.9572,0.6374,0.8399,0.4553
325,0.9584,0.8723,0.7082,0.4975,0.3022
326,0.9368,0.2366,0.9422,0.99,0.8207
327,0.2783,0.1606,0.7969,0.8943,0.4985
328,0.2796,0.6516,0.7293,0.41,0.3045
329,0.4618,0.6183,0.7115,0.8217,0.3932
330,0.0139,0.8504,0.5487,0.3395,0.4166
331,0.7538,0.6225,0.6891,0.2275,0.344
332,0.0255,0.7075,0.8957,0.4572,0.1467
333,0.1017,0.2183,0.8307,0.9227,0.6216
334,0.5489,0.9664,0.4392,0.168,0.4344
335,0.2739,0.8187,0.449,0.3157,0.2476
336,0.6111,0.7311,0.6272,0.3122,0.3115
337,0.0279,0.8217,0.3828,0.6751,0.8852
338,0.277,0.7725,0.4807,0.5305,0.6801
339,0.8229,0.068,0.4393,0.1892,0.3169
340,0.6352,0.8315,0.5549,0.8093,0.2917
341,0.993,0.1842,0.7237,0.5291,0.6531
342,0.447,0.8152,0.3254,0.2351,0.1469
343,0.9958,0.2794,0.6057,0.9294,0.6758
344,0.1675,0.9146,0.6112,0.8219,0.6728
345,0.3033,0.552,0.6865,0.4568,0.2868
346,0.988,0.7638,0.408,0.1851,0.4016
347,0.819,0.9683,0.6126,0.7898,0.7124
348,0.9473,0.8421,0.8952,0.9632,0.9888
349,0.7085,0.1688,0.1769,0.0271,0.2341
350,0.0841,0.6542,0.7365,0.6472,0.8686
351,0.0487,0.8952,0.5514,0.4572,0.321
352,0.8808,0.149,0.3782,0.3814,0.3699
353,0.0289,0.2392,0.2569,0.0683,0.0162
354,0.0977,0.7075,0.6859,0.8395,0.8475
355,0.8445,0.7444,0.4543,0.5015,0.453
356,0.6652,0.0326,0.0772,0.0383,0.1301
357,0.7587,0.6098,0.6469,0.7196,0.8852
358,0.8282,0.6375,0.5326,0.6463,0.7702
359,0.9573,0.3257,0.6562,0.8822,0.9794
360,0.8655,0.7861,0.7855,0.9344,0.8082
361,0.9709,0.667,0.4827,0.7828,0.8279
362,0.063,0.8324,0.1654,0.2616,0.0923
363,0.1965,0.7541,0.7085,0.7026,0.8077
364,0.4457,0.0708,0.2936,0.0734,0.104
365,0.0333,0.2795,0.7772,0.7156,0.9051
366,0.9944,0.9775,0.4273,0.3162,0.8416
367,0.2701,0.9266,0.6645,0.711,0.5475
368,0.9705,0.8605,0.861,0.9327,0.9686
369,0.8006,0.5667,0.4246,0.523,0.1439
370,0.5356,0.5549,0.1858,0.1781,0.0439
371,0.3134,0.2181,0.6283,0.3437,0.2544
372,0.0663,0.1791,0.6741,0.633,0.163
373,0.2537,0.876,0.5455,0.873,0.4251
374,0.2686,0.4845,0.2214,0.3744,0.7189
375,0.818,0.5863,0.3521,0.4423,0.6936
376,0.7157,0.2115,0.5808,0.6923,0.7966
377,0.0447,0.6246,0.8136,0.6347,0.5933
378,0.0891,0.8288,0.5093,0.4724,0.3857
379,0.1259,0.5858,0.4821,0.1097,0.4083
380,0.5235,0.9879,0.3733,0.5574,0.3581
381,0.9954,0.6679,0.2877,0.1728,0.2713
382,0.7996,0.611,0.6763,0.8923,0.9338
383,0.4339,0.6794,0.2541,0.5387,0.1387
384,0.2386,0.5904,0.5134,0.5041,0.3759
385,0.2816,0.8472,0.4842,0.1531,0.0913
386,0.0842,0.7382,0.7141,0.2176,0.9208
387,0.0912,0.6949,0.7524,0.4659,0.4762
388,0.6067,0.3223,0.7501,0.697,0.4711
389,0.9797,0.7032,0.5158,0.1797,0.111
390,0.2312,0.1381,0.1865,0.0613,0.1959
391,0.0204,0.7568,0.4665,0.5494,0.9232
392,0.7419,0.5014,0.5397,0.8101,0.4403
393,0.1727,0.5644,0.5535,0.7343,0.3053
394,0.5009,0.834,0.5521,0.1918,0.3419
395,0.9512,0.8262,0.8321,0.9575,0.9563
396,0.7491,0.4748,0.5366,0.3607,0.2178
397,0.8399,0.7671,0.6238,0.4134,0.592
398,0.9919,0.7185,0.3464,0.1066,0.0275
399,0.1984,0.7424,0.4667,0.6809,0.5318
400,0.9794,0.8811,0.6288,0.313,0.6557
401,0.6997,0.197,0.2998,0.6657,0.0554
402,0.0604,0.8031,0.1855,0.1519,0.2235
403,0.0224,0.9594,0.7813,0.8767,0.9829
404,0.431,0.6274,0.5831,0.7481,0.5926
405,0.1809,0.6715,0.5448,0.0839,0.6198
406,0.6413,0.7102,0.5423,0.3566,0.7257
407,0.4047,0.2478,0.4982,0.2538,0.756
408,0.7301,0.9458,0.3495,0.1129,0.358
409,0.8969,0.8577,0.6761,0.4024,0.9223
410,0.1914,0.7345,0.6432,0.4689,0.6317
411,0.5486,0.3685,0.3372,0.5704,0.4951
412,0.3172,0.3251,0.7179,0.5729,0.8875
413,0.3572,0.8356,0.56,0.7343,0.391
414,0.6805,0.9306,0.4335,0.683,0.4326
415,0.1562,0.8893,0.4219,0.4492,0.4617
416,0.8362,0.9125,0.4867,0.167,0.6109
417,0.3894,0.815,0.5609,0.6541,0.6264
418,0.7685,0.3638,0.4203,0.4455,0.2985
419,0.203,0.6756,0.5742,0.6171,0.6265
420,0.4865,0.7108,0.3881,0.3086,0.4752
421,0.277,0.7667,0.6454,0.5214,0.5887
422,0.8797,0.7579,0.4649,0.4499,0.5592
423,0.9394,0.9341,0.3761,0.6805,0.6538
424,0.4154,0.3999,0.473,0.6505,0.6107
425,0.1213,0.9696,0.6152,0.7709,0.5692
426,0.954,0.7074,0.6977,0.7892,0.9204
427,0.015,0.6218,0.5094,0.5844,0.4797
428,0.6878,0.6197,0.3499,0.3972,0.517
429,0.5305,0.7186,0.8702,0.9048,0.9602
430,0.0182,0.3637,0.3685,0.1716,0.1118
431,0.0796,0.5912,0.6104,0.7662,0.5296
432,0.9223,0.7356,0.6158,0.4278,0.4619
433,0.8376,0.3617,0.2893,0.3988,0.2143
434,0.0998,0.5367,0.4058,0.8636,0.4934
435,0.9665,0.8019,0.0764,0.0714,0.0376
436,0.8918,0.4246,0.4433,0.8944,0.7367
437,0.143,0.7688,0.7374,0.9096,0.7664
438,0.0046,0.3043,0.4281,0.0611,0.238
439,0.9921,0.7514,0.3788,0.6431,0.1964
440,0.998,0.5132,0.8713,0.9432,0.9932
441,0.0976,0.6299,0.462,0.2677,0.5537
442,0.8198,0.4262,0.6252,0.6618,0.5079
443,0.8666,0.7789,0.4694,0.6687,0.4309
444,0.0027,0.5619,0.4178,0.1528,0.556
445,0.271,0.2439,0.3099,0.22,0.349
446,0.9444,0.6272,0.3778,0.3756,0.1094
447,0.9396,0.9556,0.5611,0.8105,0.6536
448,0.5329,0.6737,0.6735,0.3261,0.862
449,0.8169,0.5948,0.4541,0.3328,0.6147
450,0.8254,0.6275,0.6845,0.6005,0.5783
451,0.5757,0.916,0.4226,0.397,0.6459
452,0.2625,0.8725,0.6507,0.3506,0.6242
453,0.9058,0.7307,0.5154,0.8071,0.5123
454,0.0261,0.9255,0.538,0.2882,0.4661
455,0.9339,0.2777,0.7023,0.9076,0.4842
456,0.6399,0.8262,0.3693,0.2159,0.3686
457,0.2894,0.682,0.4936,0.7672,0.4267
458,0.9045,0.7976,0.5618,0.9572,0.2774
459,0.6537,0.7872,0.3453,0.1354,0.4174
460,0.239,0.7211,0.6312,0.909,0.7222
461,0.0859,0.7247,0.7596,0.8492,0.8193
462,0.1179,0.3317,0.5164,0.8487,0.525
463,0.2811,0.1371,0.656,0.9775,0.2272
464,0.3814,0.2746,0.6366,0.1424,0.6411
465,0.8316,0.3442,0.4739,0.938,0.642
466,0.7384,0.6923,0.4226,0.5572,0.68
467,0.1462,0.8179,0.5959,0.8589,0.8386
468,0.4134,0.5237,0.2528,0.4666,0.447
469,0.3059,0.979,0.4484,0.124,0.4099
470,0.7122,0.8938,0.3095,0.3155,0.6123
471,0.2029,0.83,0.6371,0.9119,0.8368
472,0.3966,0.5862,0.424,0.3459,0.3986
473,0.1997,0.3179,0.454,0.8418,0.8268
474,0.4899,0.8937,0.3309,0.2446,0.7334
475,0.7568,0.2162,0.6479,0.3555,0.1481
476,0.9223,0.4452,0.3614,0.1611,0.2327
477,0.1065,0.0976,0.5315,0.7846,0.6216
478,0.6595,0.8915,0.9563,0.7988,0.7053
479,0.9652,0.734,0.5199,0.7653,0.519
480,0.247,0.0688,0.5636,0.4183,0.3882
481,0.1503,0.1825,0.9292,0.9843,0.8563
482,0.5978,0.9737,0.6374,0.4294,0.3143
483,0.3422,0.4257,0.5247,0.9298,0.9105
484,0.001,0.8066,0.5521,0.3744,0.8481
485,0.3582,0.2746,0.4574,0.3007,0.3251
486,0.2526,0.81,0.404,0.8537,0.7623
487,0.0896,0.9509,0.4841,0.5101,0.4095
488,0.0899,0.1329,0.3144,0.5719,0.3351
489,0.2954,0.259,0.3532,0.1251,0.4441
490,0.059,0.3291,0.4533,0.7663,0.454
491,0.3007,0.989,0.707,0.8906,0.7403
492,0.5843,0.9262,0.8012,0.9244,0.8202
493,0.1922,0.3637,0.5357,0.2318,0.2851
494,0.9017,0.7994,0.5475,0.8799,0.5642
495,0.767,0.889,0.7879,0.9566,0.8991
496,0.7374,0.659,0.7402,0.8181,0.7905
497,0.2888,0.6167,0.5063,0.2169,0.6109
498,0.4565,0.7957,0.3836,0.7584,0.6886
499,0.5796,0.8135,0.6347,0.508,0.7289
500,0.9883,0.4194,0.1758,0.4539,0.5457
501,0.0939,0.393,0.6123,0.9899,0.6705
502,0.6306,0.9238,0.2948,0.4925,0.5171
503,0.8356,0.5262,0.6399,0.9411,0.6124
504,0.0505,0.6471,0.5056,0.473,0.4485
505,0.8818,0.6471,0.2467,0.2429,0.5215
506,0.1794,0.3807,0.3591,0.5445,0.6826
507,0.0902,0.9778,0.6363,0.9564,0.8741
508,0.9254,0.9015,0.2401,0.848,0.7117
509,0.7327,0.4263,0.4278,0.5446,0.7266
510,0.1493,0.9319,0.532,0.4797,0.8849
511,0.9926,0.8297,0.7941,0.6106,0.435
512,0.5281,0.9481,0.634,0.6399,0.9293
513,0.9559,0.7581,0.7155,0.9435,0.4897
514,0.433,0.518,0.3964,0.3423,0.4603
515,0.8433,0.76,0.4294,0.4953,0.1312
516,0.2294,0.878,0.5434,0.81,0.6187
517,0.1401,0.1839,0.225,0.4696,0.4188
518,0.1814,0.2568,0.329,0.6523,0.7925
519,0.9113,0.9657,0.6296,0.3348,0.4391
520,0.4289,0.7607,0.485,0.2389,0.2041
521,0.5621,0.1153,0.4295,0.4696,0.7532
522,0.0578,0.7406,0.4912,0.3724,0.6802
523,0.7321,0.6473,0.567,0.7038,0.8013
524,0.0378,0.2479,0.3845,0.2154,0.2474
525,0.6254,0.8865,0.3747,0.3956,0.3299
526,0.5179,0.951,0.5786,0.9023,0.9307
527,0.9146,0.9604,0.377,0.3331,0.2634
528,0.8774,0.724,0.4374,0.3816,0.4818
529,0.9133,0.8937,0.4867,0.2691,0.6205
530,0.1035,0.2771,0.1566,0.2061,0.2087
531,0.7788,0.9765,0.5174,0.6051,0.7211
532,0.6686,0.5868,0.4776,0.3158,0.4461
533,0.8159,0.3203,0.7024,0.6531,0.3987
534,0.9509,0.0507,0.273,0.3,0.0516
535,0.1466,0.4571,0.5971,0.3061,0.4351
536,0.8311,0.9628,0.6082,0.4909,0.2135
537,0.3827,0.9838,0.594,0.4444,0.5129
538,0.3515,0.2187,0.4936,0.4507,0.5695
539,0.9889,0.8679,0.4956,0.7369,0.6514
540,0.6811,0.2726,0.5183,0.3684,0.4948
541,0.9914,0.6518,0.8488,0.921,0.9278
542,0.8962,0.7131,0.3979,0.7025,0.3682
543,0.6697,0.9553,0.3418,0.2718,0.4045
544,0.9303,0.9765,0.5861,0.6279,0.8148
545,0.1866,0.7982,0.2665,0.2701,0.4108
546,0.6641,0.344,0.4723,0.7571,0.5682
547,0.4996,0.406,0.2396,0.0587,0.3766
548,0.9329,0.7293,0.8235,0.8784,0.835
549,0.2049,0.9571,0.127,0.1069,0.352
550,0.1046,0.0963,0.2928,0.2321,0.2269
551,0.667,0.8129,0.6767,0.8726,0.4275
552,0.983,0.2972,0.6751,0.268,0.4835
553,0.8537,0.93,0.8395,0.926,0.8453
554,0.0582,0.7487,0.5259,0.8069,0.4505
555,0.6735,0.2687,0.6645,0.263,0.9045
556,0.4175,0.0843,0.3222,0.4228,0.3989
557,0.4844,0.5464,0.2812,0.0483,0.3757
558,0.9637,0.3116,0.9097,0.9308,0.7207
559,0.2328,0.772,0.7269,0.8395,0.4409
560,0.7841,0.6644,0.7869,0.9434,0.9292
561,0.2119,0.507,0.6439,0.5304,0.7742
562,0.3481,0.4535,0.5265,0.559,0.3722
563,0.0877,0.6837,0.541,0.1701,0.525
564,0.4656,0.9375,0.7093,0.7338,0.2244
565,0.99,0.8557,0.7054,0.8693,0.5413
566,0.0181,0.9295,0.4801,0.2488,0.8847
567,0.2806,0.8973,0.5672,0.2377,0.5189
568,0.2834,0.7447,0.619,0.7307,0.6266
569,0.1088,0.3793,0.27,0.1265,0.3955
570,0.2314,0.2022,0.3313,0.4456,0.4181
571,0.7502,0.6044,0.5781,0.5936,0.1253
572,0.0428,0.6212,0.6799,0.8641,0.3914
573,0.3916,0.6613,0.5703,0.7752,0.5862
574,0.8336,0.969,0.4241,0.3648,0.583
575,0.887,0.3882,0.7689,0.6753,0.697
576,0.927,0.8045,0.9142,0.9968,0.6661
577,0.941,0.2403,0.9825,0.9999,0.3256
578,0.2183,0.9531,0.0881,0.0905,0.1905
579,0.9945,0.9822,0.5378,0.9285,0.2053
580,0.2832,0.9938,0.902,0.9538,0.812
581,0.3652,0.8537,0.9836,0.8383,0.446
582,0.6419,0.988,0.9976,0.9996,0.276
583,0.9992,0.9754,0.9894,0.9998,0.5223
584,0.9999,0.9539,1.0,0.9984,0.0398
585,0.9925,0.5266,0.9999,1.0,0.2525
586,0.9834,0.5627,0.9966,0.9998,0.3157
587,0.9941,0.9869,0.9987,1.0,0.6478
588,0.9903,0.9088,0.9997,0.9999,0.5379
589,0.9969,0.8287,0.9725,0.9984,0.7887
590,0.9832,0.5599,0.9513,0.9491,0.8301
591,0.9987,0.8849,0.9999,1.0,0.6069
592,0.9805,0.9601,1.0,1.0,0.773
593,0.9887,0.8456,0.9999,1.0,0.7627
594,0.4151,0.6556,1.0,1.0,0.8035
595,0.0944,0.4493,0.9881,0.7813,0.0838
596,0.5823,0.7293,0.585,0.9547,0.4876
597,0.9992,0.8622,1.0,1.0,0.8821
598,0.9991,0.9735,0.9865,0.6985,0.267
599,0.9981,0.9675,1.0,1.0,0.1305
600,0.9674,0.8572,0.9852,0.7894,0.1624
601,0.8747,0.1969,0.9989,0.9726,0.4926
602,0.8991,0.968,0.9846,0.9993,0.4276
603,0.9981,0.4915,0.9994,0.9981,0.7148
604,0.9993,0.4797,0.9999,1.0,0.3281
605,0.7294,0.9369,0.9999,0.9999,0.4506
606,0.9026,0.6104,0.9982,1.0,0.6139
607,0.9984,0.4276,0.9999,1.0,0.7162
608,0.9853,0.5984,0.9856,0.9948,0.2731
609,0.0871,0.9083,0.9312,0.9598,0.791
610,0.4362,0.8235,0.1179,0.1204,0.454
611,0.9907,0.188,0.8499,0.95,0.2447
612,0.3532,0.8003,0.8598,0.3175,0.1309
613,0.3651,0.1997,0.8184,0.9523,0.0808
614,0.9589,0.9699,0.9966,1.0,0.4939
615,0.9313,0.1334,0.9982,1.0,0.5729
616,0.9524,0.9406,0.9972,0.9999,0.3492
617,0.594,0.9271,0.8923,0.9995,0.8243
618,0.9994,0.9979,0.9985,0.9999,0.4292
619,0.9836,0.6477,0.983,0.9987,0.8025
620,0.9697,0.9118,0.9999,1.0,0.4608
621,0.9947,0.7333,1.0,1.0,0.7179
622,0.9332,0.6751,0.998,0.9947,0.0399
623,0.0706,0.7258,0.9903,1.0,0.4084
624,0.994,0.8513,0.9958,0.9525,0.7934
625,0.9461,0.9292,1.0,0.9701,0.9871
626,0.999,0.8233,0.9997,1.0,0.1264
627,0.9984,0.9883,1.0,1.0,0.462
628,0.9866,0.1125,0.9842,0.9999,0.4934
629,0.9976,0.9569,0.9996,0.9997,0.741
630,0.9963,0.3753,1.0,1.0,0.5307
631,0.9984,0.1837,1.0,1.0,0.4862
632,0.9951,0.9843,0.9953,0.9991,0.2592
633,0.721,0.9876,0.9995,0.9997,0.5422
634,0.9894,0.9565,0.9261,0.9731,0.5268
635,0.9985,0.8612,0.999,0.9975,0.4756
636,1.0,0.5917,1.0,1.0,0.5698
637,1.0,0.9508,0.9998,1.0,0.6165
638,1.0,0.9307,0.9947,0.999,0.6904
639,0.0063,0.9816,0.9831,0.9945,0.7145
640,0.1687,0.3944,0.999,1.0,0.2339
641,0.9992,0.9197,0.9987,1.0,0.2237
642,0.9993,0.6292,0.9998,1.0,0.4278
643,0.1354,0.9565,0.5332,0.898,0.5654
644,0.9045,0.9619,0.9883,0.9995,0.5597
645,0.9999,0.5754,0.9997,1.0,0.302
646,0.2473,0.2162,0.9862,0.996,0.4426
647,0.9698,0.3931,0.9992,1.0,0.4683
648,0.9598,0.9377,0.9976,0.9931,0.5753
649,0.9998,0.7144,0.9932,0.997,0.1929
650,0.9958,0.9176,0.9957,0.9979,0.7922
651,0.8621,0.8384,0.9546,0.9791,0.7928
652,0.999,0.5506,1.0,1.0,0.6442
653,0.9997,0.2044,0.99,0.9996,0.4275
654,0.8865,0.906,0.9994,1.0,0.6441
655,0.1337,0.7392,0.9995,0.9995,0.6748
656,0.0313,0.8723,0.978,0.9942,0.2875
657,0.876,0.9804,0.9728,0.9984,0.847
658,0.9969,0.8461,0.9918,1.0,0.8809
659,0.9637,0.986,0.9995,0.9999,0.8512
660,0.0031,0.9404,0.9158,0.94,0.9237
661,0.9321,0.8938,0.9893,0.9993,0.7396
662,0.2967,0.8417,0.8826,0.999,0.4994
663,0.5879,0.8016,0.9647,0.9957,0.3433
664,0.9219,0.3535,0.9616,0.999,0.4511
665,0.992,0.4954,0.9803,0.9983,0.4968
666,0.9988,0.8839,0.9949,0.9836,0.4309
667,0.9996,0.946,0.9932,0.9997,0.5726
668,0.9928,0.8157,0.9141,0.6685,0.0782
669,0.9975,0.7311,0.7082,0.9727,0.7109
670,0.9961,0.76,0.9995,1.0,0.2739
671,0.9448,0.9749,0.9713,0.9995,0.6507
672,0.6403,0.9932,0.9979,0.9999,0.8568
673,0.9999,0.6924,0.9999,0.9999,0.3826
674,0.8382,0.5457,0.986,0.9626,0.6827
675,0.948,0.7638,0.8831,0.898,0.7045
676,0.9996,0.1128,0.978,0.9954,0.6894
677,0.9965,0.4878,0.9365,0.9886,0.2254
678,0.9986,0.4995,0.9983,1.0,0.4382
679,0.9964,0.1474,0.9552,0.9959,0.5249
680,0.9923,0.87,0.9968,1.0,0.2089
681,0.9162,0.7862,0.9073,0.9764,0.5457
682,0.9986,0.5019,0.9895,0.9833,0.8374
683,0.0722,0.8177,0.9431,0.8868,0.3338
684,0.9978,0.5732,0.9183,0.983,0.3541
685,0.9736,0.3029,0.9786,0.9997,0.3742
686,0.9054,0.5483,0.9743,0.9928,0.3683
687,0.995,0.9313,1.0,1.0,0.2801
688,0.876,0.8598,0.9786,0.9811,0.4393
689,0.9996,0.9831,0.9994,0.9999,0.8675
690,0.9874,0.1594,0.999,0.9999,0.4724
691,0.9852,0.96,0.9998,1.0,0.3641
692,0.9984,0.5707,0.9695,0.9999,0.5543
693,0.9977,0.4301,1.0,1.0,0.0294
694,0.9693,0.9592,0.9997,0.9999,0.3002
695,0.2946,0.5093,0.9959,0.9963,0.1617
696,0.9937,0.7457,1.0,1.0,0.121
697,0.9999,0.4406,1.0,1.0,0.3291
698,0.4877,0.6627,0.8135,0.0412,0.1734
699,1.0,0.9669,1.0,1.0,0.6875
700,0.3189,0.933,0.3387,0.4356,0.4684
701,1.0,0.4792,1.0,1.0,0.7649
702,0.9992,0.9008,1.0,1.0,0.7732
703,0.9967,0.9521,0.9998,1.0,0.9335
704,0.9732,0.7307,0.9994,0.9932,0.3341
705,0.7284,0.5049,0.9809,0.8687,0.5822
706,0.9685,0.1174,0.999,1.0,0.5479
707,0.9983,0.604,1.0,1.0,0.3431
708,0.9414,0.9438,0.9961,0.9989,0.5738
709,0.8816,0.6865,0.9996,1.0,0.7514
710,0.9712,0.9323,1.0,1.0,0.6622
711,0.9916,0.3362,0.9998,0.9995,0.5273
712,0.9833,0.8841,0.9742,0.8829,0.338
713,0.9989,0.2317,0.9921,0.9857,0.3915
714,0.9863,0.9927,0.9995,1.0,0.8317
715,0.9972,0.8686,1.0,1.0,0.8467
716,0.9976,0.8286,0.999,1.0,0.4861
717,0.4485,0.5807,0.994,0.9791,0.8976
718,0.8082,0.8909,0.9991,1.0,0.5944
719,0.9216,0.1489,0.3077,0.1742,0.5592
720,0.9835,0.9244,0.9997,1.0,0.6874
721,0.9727,0.7966,0.992,0.9984,0.6377
722,0.0031,0.7596,0.7093,0.9978,0.2544
723,0.8329,0.3432,0.8008,0.0534,0.0805
724,0.9699,0.0234,0.9689,0.8825,0.5444
725,0.9502,0.3761,0.9671,0.9859,0.455
726,0.6147,0.5816,0.9997,0.9999,0.1713
727,0.4821,0.8921,0.9834,0.9989,0.7229
728,0.8931,0.717,0.9967,1.0,0.7067
729,0.3299,0.9546,0.9832,0.9934,0.5851
730,0.7568,0.7774,0.9996,1.0,0.1922
731,0.9932,0.5183,0.9994,0.9999,0.5516
732,0.9994,0.6068,0.9986,0.9998,0.4381
733,0.992,0.6503,0.9983,0.9997,0.1397
734,0.8147,0.9537,0.9995,1.0,0.6141
735,0.9985,0.3393,1.0,1.0,0.3861
736,0.9643,0.885,0.9975,0.996,0.1831
737,0.9875,0.9594,0.9988,1.0,0.4252
738,0.1816,0.9299,0.6681,0.991,0.8796
739,0.6427,0.7622,0.9824,0.9998,0.4701
740,0.86,0.8358,0.9945,0.9913,0.8696
741,0.8854,0.9793,0.9989,0.9997,0.6627
742,0.9999,0.5742,0.9997,1.0,0.7233
743,0.9882,0.7472,0.9782,0.986,0.6233
744,0.9989,0.7981,0.9998,0.9996,0.485
745,0.9975,0.9379,0.9886,0.9999,0.2089
746,0.9944,0.4811,0.9999,1.0,0.4669
747,0.996,0.9861,1.0,1.0,0.9476
748,0.894,0.6468,0.9968,1.0,0.1819
749,0.497,0.6675,0.0394,0.3947,0.6237
750,0.9639,0.9877,0.9998,0.9999,0.4524
751,0.9999,0.3328,1.0,1.0,0.9294
752,0.9999,0.7878,0.9995,0.9999,0.3197
753,0.9695,0.8077,1.0,0.9999,0.479
754,0.4293,0.9527,0.9981,0.9933,0.3279
755,0.0855,0.9823,0.7591,0.9224,0.8503
756,0.9793,0.6564,0.9997,0.9936,0.676
757,0.9989,0.9318,1.0,0.9989,0.7893
758,0.9877,0.9316,1.0,1.0,0.7686
759,0.8429,0.752,0.9997,0.9999,0.6935
760,0.9987,0.9365,0.9806,0.9818,0.4248
761,0.0277,0.8854,0.9447,0.998,0.7935
762,0.9894,0.6908,0.9997,0.9996,0.6922
763,0.9977,0.8839,0.9999,1.0,0.6795
764,0.9872,0.9655,1.0,1.0,0.5647
765,0.9974,0.3183,0.9403,0.9253,0.8652
766,0.1008,0.1504,0.275,0.1679,0.211
767,0.3807,0.202,0.9917,0.9347,0.2132
768,0.9814,0.9748,0.982,0.9108,0.8508
769,0.9987,0.4875,1.0,1.0,0.3363
770,0.9996,0.8126,1.0,1.0,0.463
771,0.1548,0.8668,0.7422,0.7579,0.6996
772,0.9965,0.8697,1.0,0.9999,0.4884
773,0.9793,0.7491,0.9909,0.9624,0.7672
774,0.7262,0.7453,0.6127,0.766,0.7426
775,0.9807,0.8315,0.9999,0.9996,0.2321
776,0.999,0.7902,0.9858,0.9507,0.7365
777,0.9985,0.2303,0.9994,0.9904,0.6604
778,0.9811,0.1357,0.9998,1.0,0.1781
779,0.6897,0.9581,0.9999,0.9998,0.3035
780,0.8309,0.2294,1.0,1.0,0.3182
781,0.9918,0.7279,1.0,1.0,0.5349
782,0.9879,0.2941,0.9893,0.9855,0.5986
783,0.765,0.9396,0.9997,0.9999,0.4957
784,0.9895,0.4876,0.9998,0.9993,0.5509
785,0.993,0.845,0.995,0.9965,0.9015
786,0.999,0.502,1.0,1.0,0.3866
787,0.4905,0.9913,0.9944,0.9992,0.662
788,0.6396,0.7689,0.9688,0.9744,0.8407
789,0.9971,0.596,0.9999,0.9998,0.6793
790,0.9008,0.8356,0.999,0.9961,0.5362
791,0.98,0.2216,0.9989,0.999,0.2662
792,0.0652,0.5274,0.6121,0.6811,0.4951
793,0.9514,0.2239,0.9997,0.9999,0.3012
794,0.9737,0.9833,0.9952,0.9871,0.5965
795,0.6821,0.7443,0.9965,0.9925,0.2547
796,0.9997,0.9526,1.0,1.0,0.5424
797,0.9984,0.5878,0.9999,0.9998,0.2247
798,0.9992,0.8933,0.9999,0.9998,0.6287
799,0.2585,0.398,0.0393,0.241,0.735
800,0.5063,0.7367,0.2661,0.5927,0.3773
801,0.546,0.9693,0.9995,0.9985,0.8795
802,0.9965,0.802,0.9996,0.9991,0.2888
803,0.9979,0.9418,1.0,1.0,0.7207
804,0.6644,0.9677,0.9996,0.9978,0.5365
805,0.9973,0.9584,0.9965,0.9985,0.7265
806,0.9993,0.815,0.9991,0.9833,0.6946
807,0.7974,0.9227,0.6557,0.762,0.4242
808,0.881,0.87,0.9964,0.97,0.8072
809,0.8274,0.5782,0.9976,0.9955,0.6415
810,0.9004,0.9259,0.997,0.9999,0.7289
811,0.9999,0.7042,1.0,1.0,0.3454
812,0.9923,0.9704,0.9998,1.0,0.554
813,0.996,0.2587,1.0,1.0,0.6573
814,0.9357,0.6696,1.0,1.0,0.5594
815,0.0163,0.4464,0.9889,0.9987,0.9205
816,0.9992,0.8595,0.9996,0.9997,0.2637
817,0.9994,0.9537,0.9978,0.9982,0.8044
818,0.494,0.0779,0.9926,0.9872,0.2465
819,0.424,0.6149,0.9999,0.9999,0.171
820,0.1567,0.9831,0.9582,0.9918,0.7732
821,0.9977,0.2593,0.9999,1.0,0.2815
822,0.992,0.284,0.9189,0.9425,0.2765
823,0.9222,0.4604,0.9999,1.0,0.6059
824,0.4414,0.9147,0.9781,0.994,0.4571
825,0.0871,0.9664,0.9927,0.9976,0.2529
826,0.9936,0.7341,0.9885,0.9712,0.5104
827,0.5651,0.2283,0.9976,0.9945,0.7732
828,0.9998,0.9689,0.9999,1.0,0.6845
829,0.7642,0.9006,0.99,0.9903,0.8273
830,0.1524,0.9936,0.9684,0.9457,0.8129
831,0.989,0.1806,0.605,0.6244,0.4188
832,0.9965,0.4391,0.9948,0.9979,0.3862
833,0.2611,0.6687,0.9952,0.9966,0.7915
834,0.9106,0.2746,0.9507,0.6773,0.4717
835,0.2916,0.504,0.9368,0.9555,0.2794
836,0.9323,0.8728,0.8448,0.484,0.5311
837,0.9986,0.6957,1.0,1.0,0.6045
838,0.9997,0.3589,1.0,1.0,0.5582
839,0.8025,0.6754,0.9934,0.999,0.6182
840,0.8628,0.9843,0.9996,0.9996,0.6033
841,0.5921,0.9259,0.9995,0.9992,0.6169
842,0.9702,0.9319,1.0,1.0,0.4386
843,0.9367,0.2197,0.9983,0.9997,0.7562
844,0.998,0.9614,1.0,1.0,0.7031
845,0.6568,0.6361,0.9281,0.876,0.2572
846,0.8649,0.8152,1.0,1.0,0.2304
847,0.2467,0.8915,0.9999,1.0,0.6502
848,0.9995,0.9098,1.0,0.9999,0.2987
849,0.9947,0.1561,0.9997,0.9999,0.4707
850,0.9983,0.9556,1.0,1.0,0.7617
851,0.9979,0.9844,0.9625,0.713,0.4384
852,0.9972,0.0978,0.9997,0.9999,0.4799
853,0.9976,0.7141,1.0,1.0,0.5857
854,0.9596,0.9296,0.4487,0.4274,0.9527
855,0.9209,0.296,0.9798,0.9938,0.295
856,0.7261,0.8174,0.9999,0.9996,0.6387
857,0.984,0.8525,0.9967,0.8644,0.5526
858,0.7622,0.8747,0.9833,0.9922,0.3852
859,0.9995,0.9258,1.0,0.9998,0.3272
860,0.9986,0.5475,1.0,0.9999,0.4627
861,0.3414,0.8225,0.9056,0.9542,0.8456
862,0.9936,0.8438,0.9992,0.9998,0.7117
863,0.8641,0.862,0.9824,0.9135,0.7527
864,0.1833,0.91,0.5171,0.3763,0.5326
865,0.9949,0.6998,0.8293,0.5632,0.6607
866,0.1491,0.8168,0.8783,0.9832,0.5967
867,0.8327,0.4951,0.3254,0.6871,0.1801
868,0.8971,0.8822,0.838,0.9969,0.932
869,0.8217,0.7874,0.6128,0.5674,0.2189
870,0.9463,0.9418,0.7252,0.997,0.8601
871,0.9909,0.9309,0.2458,0.4138,0.6994
872,0.3986,0.979,0.5813,0.3956,0.6473
873,0.9768,0.9177,0.4677,0.8347,0.7928
874,0.8736,0.9001,0.2974,0.9649,0.8214
875,0.2893,0.9665,0.3559,0.0284,0.3507
876,0.628,0.9243,0.9244,0.9834,0.7008
877,0.3148,0.6031,0.8165,0.993,0.9239
878,0.0459,0.9559,0.846,0.7546,0.6281
879,0.1808,0.1379,0.733,0.5606,0.8248
880,0.4322,0.7155,0.8663,0.7498,0.4136
881,0.2284,0.7658,0.3755,0.9632,0.9828
882,0.0992,0.9731,0.388,0.5821,0.659
883,0.6188,0.8697,0.2972,0.5592,0.9137
884,0.5941,0.8166,0.9574,0.8058,0.2015
885,0.9995,0.8513,0.5938,0.8142,0.6062
886,0.7628,0.4071,0.2001,0.602,0.1904
887,0.8592,0.3067,0.6452,0.9266,0.6725
888,0.2285,0.6041,0.6546,0.9481,0.9823
889,0.9979,0.4003,0.5795,0.8548,0.6999
890,0.9907,0.8852,0.4686,0.4847,0.5204
891,0.0922,0.7754,0.3554,0.4883,0.2674
892,0.9067,0.6361,0.4449,0.3622,0.3253
893,0.7107,0.8506,0.6872,0.9737,0.9358
894,0.7904,0.504,0.3361,0.6467,0.4465
895,0.0091,0.5204,0.8365,0.6382,0.4726
896,0.9912,0.948,0.7522,0.9961,0.9011
897,0.7559,0.7067,0.7419,0.9701,0.867
898,0.0122,0.721,0.1754,0.1135,0.7667
899,0.9999,0.4615,0.5485,0.9782,0.4318
900,0.05,0.2756,0.1911,0.0508,0.6308
901,0.0852,0.7239,0.4575,0.4647,0.0746
902,0.0053,0.8375,0.2122,0.7274,0.6979
903,0.9809,0.8691,0.1631,0.7454,0.6939
904,0.9981,0.3826,0.6855,0.9767,0.7042
905,0.8992,0.8055,0.5806,0.9332,0.3533
906,0.3611,0.654,0.5144,0.5146,0.553
907,0.0958,0.947,0.6476,0.9654,0.7784
908,0.9629,0.7226,0.3563,0.8604,0.5302
909,0.003,0.9001,0.9469,0.1659,0.8446
910,0.0271,0.7197,0.7106,0.975,0.8514
911,0.9822,0.8674,0.6249,0.7206,0.7528
912,0.6169,0.3974,0.8802,0.9432,0.7317
913,0.1891,0.7086,0.7895,0.8175,0.2784
914,0.9419,0.9413,0.657,0.5571,0.3885
915,0.7045,0.5445,0.2722,0.4934,0.7351
916,0.7928,0.6592,0.4308,0.9844,0.7952
917,0.6988,0.3586,0.1876,0.6951,0.4127
918,0.5324,0.7407,0.4746,0.9499,0.7653
919,0.0719,0.4696,0.598,0.9453,0.392
920,0.8996,0.6978,0.8853,0.777,0.7131
921,0.1315,0.902,0.8771,0.9818,0.7708
922,0.999,0.6297,0.6627,0.98,0.2793
923,0.4437,0.187,0.844,0.9325,0.6937
924,0.8364,0.3653,0.4342,0.1164,0.7995
925,0.0133,0.7778,0.3485,0.2498,0.3787
926,0.9817,0.7813,0.6613,0.8958,0.5235
927,0.9799,0.9419,0.6446,0.0565,0.2658
928,0.0822,0.868,0.4568,0.3335,0.33
929,0.623,0.921,0.2587,0.5596,0.8899
930,0.4361,0.9288,0.7558,0.6729,0.2923
931,0.9588,0.156,0.5256,0.9844,0.757
932,0.1255,0.3832,0.3974,0.0285,0.5182
933,0.3734,0.9916,0.7274,0.9965,0.9502
934,0.8804,0.9189,0.4752,0.7723,0.8888
935,0.6001,0.9612,0.9391,0.7148,0.6651
936,0.6262,0.7279,0.3107,0.7229,0.8069
937,0.7698,0.7343,0.2474,0.7148,0.7258
938,0.6243,0.6421,0.4261,0.5967,0.6699
939,0.9141,0.2124,0.6278,0.7768,0.5198
940,0.6732,0.9821,0.2837,0.3879,0.3798
941,0.3216,0.8799,0.5179,0.0298,0.2564
942,0.9852,0.7759,0.4717,0.3011,0.3065
943,0.9858,0.9853,0.449,0.3048,0.5421
944,0.7826,0.9614,0.4706,0.584,0.2616
945,0.6541,0.2049,0.634,0.9568,0.8811
946,0.9835,0.754,0.6679,0.7026,0.4452
947,0.1481,0.7855,0.4584,0.7025,0.8667
948,0.5344,0.3026,0.8161,0.9375,0.8366
949,0.206,0.9395,0.5953,0.3191,0.1797
950,0.3915,0.8605,0.093,0.0032,0.18
951,0.7629,0.6446,0.5934,0.0092,0.0495
952,0.6022,0.8717,0.6308,0.6899,0.7657
953,0.9974,0.6412,0.1953,0.3191,0.6323
954,0.9979,0.5353,0.5672,0.8266,0.2893
955,0.4975,0.5058,0.8079,0.9852,0.9026
956,0.2534,0.4948,0.668,0.1833,0.2767
957,0.0361,0.6292,0.5314,0.5051,0.3943
958,0.9455,0.5154,0.4113,0.0506,0.3382
959,0.7769,0.7846,0.3254,0.7379,0.58
960,0.9762,0.4054,0.9013,0.8781,0.2483
961,0.9989,0.9782,0.6767,0.9562,0.7754
962,0.4304,0.7646,0.4744,0.5853,0.1853
963,0.9849,0.9842,0.3391,0.4513,0.9253
964,0.9244,0.9066,0.5283,0.678,0.3062
965,0.9971,0.8375,0.8368,0.825,0.664
966,0.8566,0.5314,0.1254,0.2167,0.1937
967,0.9838,0.4647,0.1133,0.7355,0.39
968,0.9827,0.6809,0.2617,0.2462,0.2772
969,0.983,0.3523,0.3684,0.6169,0.2982
970,0.8705,0.8413,0.645,0.5758,0.7053
971,0.368,0.4788,0.4462,0.9226,0.6495
972,0.2097,0.3738,0.218,0.5911,0.7537
973,0.9898,0.4659,0.2392,0.0581,0.0755
974,0.9889,0.3736,0.4912,0.8727,0.611
975,0.0703,0.7445,0.7684,0.7727,0.7815
976,0.1884,0.942,0.4725,0.8768,0.755
977,0.2033,0.6541,0.5406,0.3564,0.5563
978,0.1424,0.2641,0.6906,0.276,0.6992
979,0.9982,0.7723,0.3964,0.8555,0.6743
980,0.0954,0.922,0.9567,0.9238,0.6064
981,0.9743,0.6481,0.7846,0.9495,0.4064
982,0.9995,0.6373,0.9744,0.6269,0.3171
983,0.8925,0.9251,0.9808,0.8625,0.9397
984,0.9993,0.5663,0.8637,0.2457,0.7341
985,0.9993,0.3261,0.8682,0.8907,0.434
986,0.4951,0.4706,0.5383,0.3567,0.6255
987,0.8655,0.9041,0.9846,0.4892,0.4545
988,0.033,0.9011,0.4555,0.1078,0.7356
989,0.095,0.679,0.3898,0.1038,0.035
990,0.0049,0.9635,0.6161,0.2565,0.6089
991,0.9363,0.6177,0.8387,0.9876,0.9867
992,0.0233,0.8158,0.6065,0.9757,0.9293
993,0.8057,0.9648,0.3896,0.6816,0.7552
994,0.6601,0.6704,0.9862,0.9988,0.7589
995,0.9235,0.81,0.9131,0.9214,0.636
996,0.5505,0.377,0.9622,0.941,0.6812
997,0.0134,0.8228,0.0493,0.324,0.3612
998,0.0065,0.9034,0.529,0.1861,0.7731
999,0.0024,0.9309,0.2667,0.3181,0.6868
1000,0.3269,0.4372,0.2194,0.1633,0.5697
1001,0.8505,0.7732,0.4981,0.9236,0.3852
1002,0.9981,0.8993,0.1916,0.0871,0.8018
1003,0.2498,0.8336,0.7776,0.9506,0.9451
1004,0.8511,0.765,0.3156,0.7071,0.3688
1005,0.0976,0.7787,0.9133,0.9428,0.5829
1006,0.9998,0.8311,0.9809,0.9645,0.6474
1007,0.979,0.317,0.0864,0.5543,0.3158
1008,0.1064,0.1671,0.8949,0.0875,0.6001
1009,0.9785,0.0944,0.3419,0.3131,0.8837
1010,0.9977,0.6872,0.6217,0.1909,0.269
1011,0.0088,0.8087,0.0884,0.735,0.9159
1012,0.2277,0.6609,0.2324,0.0168,0.0878
1013,0.1147,0.8854,0.7426,0.8354,0.8481
1014,0.7183,0.2885,0.5834,0.5338,0.0287
1015,0.9938,0.6582,0.8678,0.4058,0.6175
1016,0.9949,0.9595,0.5627,0.733,0.3529
1017,0.9825,0.6492,0.8068,0.0115,0.0022
1018,0.7161,0.7572,0.5666,0.9694,0.716
1019,0.0191,0.4709,0.8328,0.9582,0.9829
1020,0.582,0.7243,0.9612,0.9919,0.8922
1021,0.6883,0.831,0.1066,0.1608,0.8683
1022,0.856,0.4955,0.8966,0.7845,0.1328
1023,0.9855,0.9206,0.9826,0.9806,0.723
1024,0.9365,0.7022,0.491,0.371,0.0884
1025,0.6879,0.8872,0.7411,0.9116,0.6481
1026,0.9357,0.97,0.4296,0.4223,0.5771
1027,0.0088,0.6512,0.6308,0.1448,0.148
1028,0.994,0.456,0.9277,0.1292,0.5747
1029,0.4684,0.6212,0.5172,0.2356,0.1835
1030,0.8258,0.5914,0.2197,0.1023,0.7155
1031,0.9847,0.7026,0.8313,0.0093,0.0143
1032,0.9611,0.9021,0.6445,0.0003,0.497
1033,0.9707,0.478,0.9108,0.8688,0.7691
1034,0.9425,0.474,0.9438,0.9978,0.9895
1035,0.5696,0.8829,0.9351,0.8934,0.5382
1036,0.2825,0.9762,0.8576,0.9515,0.9926
1037,0.0003,0.9073,0.3211,0.2913,0.9085
1038,0.872,0.0482,0.7548,0.4789,0.4339
1039,0.9188,0.843,0.6371,0.9697,0.9835
1040,0.0063,0.8612,0.4834,0.7136,0.9623
1041,0.8359,0.8921,0.4979,0.6487,0.9234
1042,0.0458,0.6274,0.5632,0.4,0.3248
1043,0.1029,0.8408,0.7246,0.9005,0.694
1044,0.9995,0.925,0.4474,0.7008,0.2412
1045,0.9918,0.1943,0.7877,0.8468,0.7011
1046,0.9977,0.7116,0.7829,0.9953,0.9695
1047,0.0266,0.8527,0.4839,0.1803,0.355
1048,0.2064,0.8454,0.4771,0.816,0.4149
1049,0.0088,0.9462,0.8961,0.7319,0.8574
1050,0.9562,0.9372,0.7559,0.0343,0.0833
1051,0.729,0.8181,0.2023,0.0653,0.1419
1052,0.9743,0.24,0.6215,0.8928,0.9415
1053,0.3873,0.7778,0.5542,0.6901,0.4684
1054,0.989,0.4846,0.359,0.4628,0.2484
1055,0.0067,0.382,0.2708,0.282,0.6661
1056,0.9974,0.455,0.669,0.5168,0.2678
1057,0.9787,0.6524,0.5737,0.877,0.1326
1058,0.9784,0.2511,0.4561,0.9774,0.9608
1059,0.741,0.893,0.5313,0.9419,0.9706
1060,0.3368,0.3074,0.267,0.0316,0.0423
1061,0.6078,0.9006,0.3674,0.2243,0.2416
1062,0.9997,0.8256,0.5535,0.9098,0.9862
1063,0.064,0.6038,0.6199,0.9593,0.8821
1064,0.6125,0.8178,0.6031,0.8493,0.6082
1065,0.8447,0.6387,0.4861,0.8536,0.722
1066,0.9608,0.9198,0.6116,0.7616,0.7849
1067,0.3692,0.9846,0.4353,0.6975,0.3623
1068,0.8588,0.5651,0.5013,0.2004,0.4064
1069,0.0961,0.9018,0.6406,0.6469,0.6884
1070,0.9764,0.1834,0.4993,0.7884,0.3731
1071,0.8928,0.0564,0.7173,0.9548,0.9749
1072,0.9596,0.8514,0.3007,0.3694,0.3079
1073,0.9974,0.7449,0.7555,0.7673,0.9455
1074,0.0265,0.9797,0.6158,0.9742,0.8257
1075,0.9485,0.9397,0.5622,0.9127,0.8872
1076,0.9969,0.3821,0.6837,0.767,0.6711
1077,0.5071,0.3054,0.6398,0.821,0.9885
1078,0.9917,0.9094,0.8244,0.9875,0.7259
1079,1.0,0.7678,0.4813,0.5007,0.4211
1080,0.2869,0.8797,0.3921,0.8503,0.9391
1081,0.5408,0.983,0.4428,0.584,0.6077
1082,0.9613,0.8848,0.785,0.1452,0.4832
1083,0.4215,0.9078,0.5593,0.8918,0.9543
1084,0.0938,0.948,0.7874,0.9983,0.9666
1085,0.7832,0.8088,0.3442,0.7052,0.2949
1086,0.4368,0.5989,0.1546,0.6292,0.2409
1087,0.2299,0.7756,0.7933,0.9736,0.9897
1088,0.8009,0.8196,0.6408,0.3812,0.6268
1089,0.6764,0.2966,0.8665,0.9806,0.5287
1090,0.9188,0.8496,0.6018,0.2914,0.0434
1091,0.6719,0.4774,0.8148,0.9607,0.7897
1092,0.8016,0.3921,0.7512,0.9738,0.8863
1093,0.0846,0.6912,0.3735,0.2067,0.2265
1094,0.3623,0.9671,0.5978,0.6297,0.9524
1095,0.5751,0.2102,0.4145,0.1567,0.4754
1096,0.794,0.3432,0.5327,0.0733,0.5692
1097,0.9958,0.1983,0.5181,0.4664,0.2656
1098,0.6273,0.6795,0.2986,0.377,0.8938
1099,0.0835,0.3664,0.8817,0.963,0.8241
1100,0.7775,0.9538,0.8775,0.8804,0.7444
1101,0.9518,0.1826,0.9177,0.991,0.5566
1102,0.5894,0.8488,0.8061,0.93,0.7992
1103,0.4925,0.361,0.2834,0.3123,0.353
1104,0.9851,0.4857,0.7382,0.8013,0.3896
1105,0.9676,0.9527,0.39,0.6446,0.5562
1106,0.2814,0.3306,0.1753,0.7317,0.5973
1107,0.9206,0.3223,0.1715,0.3991,0.5823
1108,0.1566,0.6818,0.6816,0.8643,0.7371
1109,0.0932,0.9534,0.7756,0.1859,0.5973
1110,0.991,0.3857,0.179,0.4627,0.4092
1111,0.69,0.7464,0.1452,0.6967,0.3981
1112,0.3037,0.9663,0.3938,0.7723,0.7002
1113,0.1608,0.4947,0.4837,0.288,0.4924
1114,0.9914,0.7337,0.7473,0.3445,0.7264
1115,0.0066,0.6042,0.6937,0.8015,0.3682
1116,0.9502,0.8997,0.7266,0.4389,0.7808
1117,0.9833,0.4667,0.8054,0.9215,0.3
1118,0.9696,0.5783,0.5937,0.9819,0.4018
1119,0.4419,0.6051,0.8975,0.9384,0.7526
1120,0.9879,0.8528,0.7153,0.9278,0.7482
1121,0.956,0.6418,0.5164,0.9014,0.5827
1122,0.327,0.8954,0.2679,0.1414,0.4091
1123,0.5093,0.4782,0.7508,0.9126,0.8444
1124,0.9911,0.8596,0.4163,0.4776,0.7597
1125,0.9834,0.9733,0.4822,0.8488,0.832
1126,0.9927,0.8963,0.5406,0.8229,0.7676
1127,0.9171,0.9096,0.7398,0.7716,0.6087
1128,0.9749,0.3894,0.4947,0.7967,0.8699
1129,0.021,0.8132,0.5466,0.9009,0.6612
1130,0.9681,0.9922,0.5078,0.7808,0.5905
1131,0.0462,0.9381,0.7506,0.7876,0.3014
1132,0.0582,0.8042,0.4553,0.9909,0.4037
1133,0.9501,0.5944,0.6761,0.8621,0.5946
1134,0.9983,0.9149,0.4864,0.1185,0.1317
1135,0.971,0.7186,0.6499,0.8366,0.9407
1136,0.917,0.8969,0.5355,0.3586,0.3867
1137,0.9941,0.0752,0.917,0.4997,0.9072
1138,0.4798,0.855,0.433,0.7869,0.757
1139,0.9489,0.6734,0.3894,0.3197,0.8227
1140,0.92,0.9775,0.3126,0.4146,0.6903
1141,0.0028,0.4424,0.7268,0.6549,0.5439
1142,0.9851,0.9923,0.4369,0.9046,0.5907
1143,0.1216,0.9354,0.2013,0.7363,0.536
1144,0.4916,0.3162,0.8613,0.8146,0.7847
1145,0.9622,0.9816,0.1218,0.3318,0.3631
1146,0.9952,0.612,0.5931,0.8616,0.5269
1147,0.488,0.8233,0.6754,0.7222,0.3793
1148,0.0477,0.8208,0.5212,0.6382,0.8731
1149,0.8094,0.5902,0.5358,0.6422,0.4491
1150,0.6705,0.6408,0.7447,0.7324,0.5344
1151,0.4165,0.8971,0.9289,0.9474,0.9325
1152,0.8906,0.7249,0.5977,0.9997,0.9504
1153,0.8845,0.9984,0.4208,0.6454,0.3917
1154,0.6665,0.2216,0.4407,0.9352,0.9496
1155,0.9922,0.9824,0.5298,0.9155,0.8858
1156,0.516,0.5573,0.403,0.831,0.4775
1157,0.167,0.9974,0.5135,0.1797,0.281
1158,0.9983,0.9956,0.4599,0.8418,0.6019
1159,0.9965,0.9859,0.453,0.8217,0.2538
1160,0.7522,0.2268,0.7369,0.9839,0.7274
1161,0.8932,0.9995,0.6873,0.545,0.7051
1162,0.0603,0.9733,0.3675,0.5852,0.4119
1163,0.17,0.9929,0.5608,0.1476,0.2658
1164,0.9921,0.4233,0.4565,0.9604,0.2583
1165,0.8368,0.9983,0.4589,0.2341,0.7819
1166,0.5467,0.9993,0.5149,0.9773,0.0609
1167,0.9966,0.9914,0.2941,0.9662,0.6309
1168,0.2537,0.8707,0.6381,0.9123,0.5177
1169,0.5961,0.9892,0.4363,0.9634,0.4241
1170,0.9995,0.9638,0.7719,0.7358,0.4202
1171,0.9969,0.9914,0.567,0.8038,0.1885
1172,0.0819,0.9999,0.4367,0.7573,0.1611
1173,0.9997,0.9922,0.8494,0.9941,0.8963
1174,0.4728,0.7331,0.4452,0.9987,0.8006
1175,0.0253,0.9776,0.5852,0.0995,0.5769
1176,0.9784,0.9981,0.5092,0.9891,0.6986
1177,0.9996,0.9905,0.407,0.954,0.8534
1178,0.9994,0.9895,0.4422,0.9493,0.1205
1179,0.7248,0.9026,0.5882,0.7245,0.2383
1180,0.415,0.937,0.4415,0.2475,0.4435
1181,0.9904,0.3421,0.3819,0.1458,0.2492
1182,0.9557,0.6929,0.5317,0.1466,0.2915
1183,0.3422,0.8325,0.6937,0.8159,0.5224
1184,0.9963,0.995,0.3918,0.9843,0.8537
1185,0.9044,0.729,0.4121,0.9448,0.7033
1186,0.0061,0.7067,0.3943,0.1774,0.8924
1187,0.5632,0.7625,0.4432,0.9407,0.7948
1188,0.5904,0.9181,0.9142,0.5198,0.5478
1189,0.857,0.9992,0.6059,0.2856,0.5055
1190,0.5513,0.9814,0.5982,0.7614,0.4298
1191,0.9824,0.9361,0.3912,0.8067,0.5135
1192,0.9972,0.9456,0.6515,0.0385,0.5993
1193,0.9988,0.9789,0.4245,0.0966,0.3751
1194,0.6116,0.6457,0.3373,0.9227,0.2897
1195,0.9966,0.9685,0.6305,0.3566,0.3232
1196,0.9995,0.055,0.5599,0.5743,0.3892
1197,0.6359,0.9957,0.4655,0.7181,0.457
1198,0.0253,0.9922,0.4449,0.9566,0.9302
1199,0.8472,0.999,0.3421,0.0145,0.8988
1200,0.9533,0.999,0.5759,0.9358,0.7177
1201,0.8732,0.9893,0.6908,0.8339,0.4389
1202,0.6818,0.9993,0.6511,0.9898,0.6821
1203,0.9987,0.9964,0.3088,0.5312,0.2899
1204,0.6321,0.9868,0.5552,0.2757,0.5995
1205,0.246,0.9976,0.404,0.2023,0.4342
1206,0.9979,0.9782,0.6223,0.3609,0.5305
1207,0.9761,0.8613,0.5506,0.0262,0.3728
1208,0.9757,0.9713,0.5262,0.715,0.4908
1209,0.0481,0.9983,0.6262,0.9741,0.597
1210,0.9999,0.9859,0.5622,0.6312,0.6879
1211,0.9999,0.9929,0.6574,0.9515,0.8064
1212,0.0833,0.5419,0.3385,0.3714,0.7071
1213,0.8675,0.9981,0.7085,0.864,0.6594
1214,0.9992,0.9932,0.6834,0.9727,0.6842
1215,0.9994,0.9662,0.5395,0.1201,0.5527
1216,0.9992,0.8719,0.2412,0.1285,0.3704
1217,0.1874,0.8837,0.54,0.768,0.4799
1218,0.9663,0.99,0.5028,0.7999,0.4144
1219,0.9971,0.9087,0.5995,0.8872,0.744
1220,0.7066,0.308,0.4413,0.7857,0.812
1221,0.9996,0.6823,0.5604,0.8507,0.6965
1222,0.997,0.9549,0.5206,0.6861,0.3038
1223,0.0036,0.9913,0.6083,0.9379,0.5849
1224,1.0,0.9982,0.666,0.9732,0.6918
1225,0.9998,0.9892,0.8071,0.8191,0.4274
1226,0.9987,0.9159,0.6466,0.512,0.5415
1227,0.8391,0.9261,0.5535,0.701,0.7581
1228,0.9889,0.9882,0.6419,0.9434,0.5518
1229,1.0,0.9768,0.51,0.0573,0.2761
1230,0.7022,0.6091,0.2459,0.1981,0.2249
1231,0.6572,0.6989,0.5582,0.8933,0.808
1232,0.9996,0.9729,0.2529,0.2675,0.208
1233,0.0766,0.9815,0.5464,0.3988,0.4483
1234,0.9843,0.3871,0.6668,0.9165,0.6228
1235,0.9995,0.9824,0.4585,0.1297,0.3619
1236,0.911,0.9767,0.4155,0.6152,0.278
1237,0.1707,0.8814,0.5825,0.1958,0.6423
1238,0.0623,0.8324,0.6179,0.7818,0.3879
1239,0.0054,0.1484,0.4722,0.124,0.2691
1240,0.2465,0.9782,0.5763,0.8185,0.4795
1241,0.9175,0.9853,0.4338,0.875,0.7805
1242,0.9987,0.9832,0.4706,0.8767,0.9096
1243,0.4711,0.9973,0.4579,0.9629,0.5176
1244,0.8864,0.2828,0.4115,0.7929,0.4904
1245,0.9995,0.9567,0.7325,0.482,0.4546
1246,0.9955,0.9861,0.4931,0.9047,0.8363
1247,0.5563,0.999,0.5843,0.3902,0.1183
1248,0.6513,0.8986,0.7712,0.9291,0.8074
1249,0.9998,0.9876,0.4136,0.5368,0.7548
1250,0.8386,0.957,0.4753,0.2842,0.1753
1251,0.999,0.9908,0.4514,0.4396,0.3954
1252,0.9936,0.8809,0.2329,0.3328,0.1329
1253,0.9981,0.9545,0.4768,0.147,0.2697
1254,0.4592,0.9046,0.6489,0.402,0.4759
1255,0.6964,0.996,0.4514,0.4553,0.1278
1256,0.0229,0.829,0.3904,0.7748,0.6364
1257,0.9389,0.7332,0.422,0.888,0.3364
1258,1.0,0.8718,0.3276,0.6635,0.5682
1259,0.6805,0.9829,0.6901,0.9471,0.6526
1260,0.9906,0.7737,0.5354,0.408,0.599
1261,0.9876,0.9724,0.3988,0.6026,0.7449
1262,0.9951,0.9909,0.4311,0.5844,0.7524
1263,0.8724,0.9961,0.6816,0.8156,0.8698
1264,1.0,0.9987,0.7538,0.6974,0.592
1265,0.9799,0.9645,0.5221,0.4356,0.3602
1266,0.278,0.9765,0.5964,0.2569,0.3101
1267,0.5404,0.9951,0.5032,0.6095,0.3838
1268,0.9814,0.9163,0.1479,0.0169,0.4938
1269,0.9918,0.6011,0.7599,0.7663,0.817
1270,0.3671,0.9997,0.6341,0.3571,0.6851
1271,0.752,0.9893,0.476,0.9677,0.2009
1272,0.8829,0.9891,0.5288,0.9822,0.4573
1273,0.9828,0.1081,0.2031,0.287,0.2392
1274,0.0016,0.8871,0.746,0.6593,0.665
1275,1.0,0.9862,0.8747,0.998,0.6921
1276,0.9998,0.9001,0.4919,0.2108,0.5366
1277,0.8877,0.7531,0.7173,0.9729,0.742
1278,0.9994,0.9901,0.2881,0.0016,0.3828
1279,0.9963,0.942,0.3044,0.5343,0.3781
1280,1.0,0.937,0.1403,0.6793,0.1644
1281,0.5876,0.9959,0.6627,0.8134,0.6966
1282,0.9995,0.983,0.2448,0.3341,0.3561
1283,0.999,0.7756,0.7683,0.87,0.6889
1284,0.0193,0.9503,0.5175,0.3195,0.4487
1285,0.9807,0.9819,0.6583,0.4709,0.5707
1286,0.995,0.9779,0.7543,0.7269,0.6796
1287,0.9998,0.9576,0.7678,0.9762,0.7648
1288,0.9999,0.9732,0.4983,0.9136,0.4949
1289,0.9931,0.9951,0.6625,0.9995,0.7567
1290,0.9115,0.9701,0.7068,0.9989,0.7514
1291,0.9356,0.6457,0.4141,0.7551,0.5981
1292,0.9871,0.9624,0.5465,0.8985,0.6354
1293,1.0,0.9061,0.3741,0.7089,0.5155
1294,0.5508,0.9328,0.6036,0.8299,0.6832
1295,0.9999,0.9762,0.6903,0.7695,0.569
1296,1.0,0.929,0.3997,0.9156,0.4384
1297,0.9986,0.9787,0.1861,0.0701,0.2193
1298,0.9926,0.9907,0.696,0.7703,0.7285
1299,0.3366,0.9354,0.3907,0.5999,0.3817
1300,0.9998,0.9626,0.6369,0.9932,0.4816
1301,0.7359,0.8267,0.5231,0.0317,0.1569
1302,0.9528,0.997,0.4607,0.2871,0.4213
1303,0.9637,0.5584,0.548,0.7231,0.5732
1304,0.999,0.9961,0.5416,0.5945,0.6522
1305,0.9205,0.9882,0.3694,0.642,0.3694
1306,0.9983,0.9995,0.507,0.1272,0.2066
1307,0.9995,0.5921,0.6566,0.6053,0.7429
1308,0.027,0.9872,0.6325,0.3824,0.5955
1309,0.0714,0.98,0.7272,0.1503,0.5508
1310,0.0022,0.9991,0.5686,0.8207,0.4319
1311,0.2854,0.7334,0.5456,0.6452,0.2919
1312,0.9997,0.9981,0.6322,0.7564,0.4267
1313,0.9902,0.8941,0.4753,0.4353,0.7076
1314,0.9399,0.9868,0.4003,0.7294,0.795
1315,0.9327,0.936,0.6832,0.4023,0.568
1316,0.9887,0.7348,0.395,0.7984,0.4855
1317,0.593,0.899,0.6885,0.8613,0.4945
1318,0.8237,0.9731,0.7178,0.6945,0.6675
1319,0.9904,0.9929,0.6191,0.9589,0.565
1320,0.8395,0.7439,0.4057,0.6934,0.6104
1321,0.9974,0.9132,0.6389,0.7531,0.8107
1322,0.0509,0.9972,0.4099,0.822,0.5064
1323,1.0,0.8005,0.4138,0.1065,0.6946
1324,0.9909,0.944,0.5647,0.5867,0.4927
1325,0.9362,0.9546,0.3541,0.7505,0.2748
1326,0.9978,0.9925,0.6434,0.9034,0.5854
1327,0.0474,0.8908,0.3445,0.8353,0.7136
1328,0.909,0.9994,0.6313,0.5904,0.6823
1329,0.516,0.9953,0.3198,0.9036,0.6223
1330,0.2188,0.8936,0.8833,0.8029,0.506
1331,0.757,0.9995,0.6074,0.7576,0.3565
1332,0.9736,0.9989,0.2986,0.3314,0.2857
1333,0.2555,0.9511,0.3617,0.4803,0.1851
1334,0.9968,0.2786,0.5133,0.0852,0.3176
1335,0.8884,0.9887,0.5121,0.4258,0.2873
1336,1.0,0.9986,0.4662,0.8183,0.3782
1337,0.9509,0.9988,0.5805,0.7865,0.5626
1338,0.9996,0.8904,0.2836,0.3872,0.325
1339,1.0,0.5598,0.641,0.4632,0.4985
1340,0.9999,0.9934,0.3713,0.0687,0.2053
1341,0.9999,0.9949,0.4576,0.8382,0.6407
1342,0.9911,0.8866,0.3254,0.3565,0.2474
1343,0.9485,0.9422,0.559,0.7339,0.8078
1344,0.0753,0.9962,0.2386,0.2107,0.2701
1345,0.891,0.9939,0.4681,0.6214,0.7655
1346,0.4987,0.944,0.571,0.0232,0.2776
1347,0.9998,0.9988,0.5213,0.7523,0.4512
1348,0.8477,0.5932,0.7013,0.7696,0.895
1349,0.9732,0.9334,0.3376,0.1851,0.3684
1350,0.8513,0.8824,0.4322,0.1513,0.4146
1351,1.0,0.8908,0.6608,0.8701,0.901
1352,0.9534,0.8388,0.3808,0.6768,0.5235
1353,1.0,0.9937,0.5951,0.4238,0.5668
1354,0.9982,0.9893,0.5829,0.7333,0.6992
1355,0.9922,0.7803,0.1661,0.1215,0.3708
1356,0.0041,0.9977,0.6545,0.6283,0.5481
1357,0.9878,0.9503,0.5292,0.3883,0.7358
1358,0.9996,0.8936,0.7092,0.5301,0.5174
1359,0.935,0.944,0.4321,0.5965,0.722
1360,0.8924,0.9987,0.499,0.9429,0.6199
1361,0.9999,0.9999,0.1312,0.8728,0.8651
1362,0.1193,0.8547,0.6961,0.4,0.5837
1363,0.9985,0.9916,0.5061,0.5847,0.4939
1364,0.0288,0.9959,0.5566,0.9443,0.7215
1365,0.922,0.9469,0.7169,0.4495,0.4628
1366,0.143,0.9731,0.7758,0.9352,0.8387
1367,0.5281,0.9554,0.6005,0.7686,0.3502
1368,0.9997,0.9253,0.2481,0.2184,0.2938
1369,0.987,0.9933,0.5527,0.7011,0.7845
1370,0.9999,0.9892,0.6561,0.867,0.8208
1371,0.9998,0.9894,0.3876,0.6182,0.3382
1372,0.969,0.9835,0.6877,0.6583,0.4086
1373,0.7846,0.9823,0.5428,0.617,0.4997
1374,0.9671,0.9242,0.4046,0.7794,0.7532
1375,0.9998,0.9405,0.7527,0.8665,0.7926
1376,0.9674,0.9283,0.6564,0.2244,0.7443
1377,0.5888,0.9807,0.8109,0.962,0.8511
1378,0.9994,0.1819,0.4458,0.693,0.6023
1379,0.9388,0.9061,0.5244,0.5439,0.228
1380,0.9972,0.912,0.459,0.2018,0.3287
1381,0.9998,0.9816,0.5892,0.5917,0.6243
1382,0.9996,0.984,0.5445,0.8695,0.4172
1383,0.8581,0.9989,0.5433,0.5628,0.5096
1384,0.8254,0.0177,0.3915,0.7096,0.7606
1385,0.9995,0.0023,0.9497,0.8552,0.7693
1386,0.3197,0.9655,0.2598,0.4919,0.5248
1387,0.9947,0.9977,0.0634,0.126,0.0338
1388,0.9999,0.9939,0.4746,0.1015,0.5203
1389,0.9686,0.9802,0.3633,0.6103,0.4532
1390,0.9996,0.9849,0.2141,0.8597,0.6414
1391,0.9938,0.9995,0.584,0.3306,0.3689
1392,0.9624,0.8928,0.6856,0.4334,0.5734
1393,0.9989,0.9746,0.2873,0.7565,0.5545
1394,1.0,0.9959,0.3035,0.459,0.2844
1395,1.0,0.9979,0.9329,0.892,0.3693
1396,0.9999,0.996,0.2542,0.7731,0.4839
1397,0.9999,0.7934,0.6401,0.5622,0.6619
1398,0.9993,0.9928,0.3087,0.3444,0.2261
1399,0.9993,0.9951,0.3691,0.7503,0.7198
1400,0.9479,0.9788,0.304,0.5772,0.4231
1401,0.9623,0.8522,0.4809,0.7996,0.3756
1402,0.9999,0.9981,0.6598,0.9354,0.682
1403,0.8846,0.9995,0.6435,0.47,0.7302
1404,0.9925,0.9677,0.4676,0.5938,0.2974
1405,0.9988,0.9785,0.6435,0.322,0.2211
1406,0.7373,0.9947,0.6296,0.2024,0.754
1407,0.0546,0.9995,0.4101,0.5189,0.6791
1408,0.9998,0.9964,0.5755,0.7654,0.7944
1409,0.865,0.9994,0.3655,0.3416,0.4221
1410,0.9998,0.9971,0.4964,0.7246,0.6299
1411,0.7433,0.966,0.9918,0.969,0.9515
1412,0.9998,0.9989,0.4259,0.7093,0.7932
1413,0.1067,0.6789,0.6867,0.1402,0.5484
1414,0.372,0.4282,0.4926,0.8726,0.5675
1415,1.0,0.9913,0.3571,0.6368,0.449
1416,0.3136,0.762,0.4187,0.1828,0.4619
1417,0.8967,0.9981,0.8185,0.5533,0.3877
1418,0.6443,0.9205,0.6434,0.5716,0.3911
1419,0.9813,0.9886,0.6607,0.1485,0.5205
1420,0.9885,0.9528,0.6789,0.3382,0.4327
1421,0.3172,0.5566,0.4765,0.1614,0.3519
1422,0.9783,0.9506,0.3991,0.5138,0.6281
1423,0.9998,0.953,0.3527,0.3442,0.4814
1424,0.9134,0.976,0.3935,0.5903,0.3595
1425,0.9999,0.9992,0.6967,0.3525,0.4035
1426,0.9193,0.992,0.6166,0.763,0.395
1427,0.5712,0.1751,0.9592,0.6053,0.7436
1428,0.9986,0.9982,0.688,0.8322,0.7684
1429,0.1803,0.9663,0.5898,0.3165,0.3972
1430,0.4727,0.0111,0.272,0.0148,0.1119
1431,0.3416,0.9989,0.8788,0.3372,0.5432
1432,0.8941,0.974,0.4395,0.4863,0.4411
1433,0.08,0.7295,0.3673,0.605,0.3279
1434,0.056,0.9995,0.7399,0.3056,0.6698
1435,1.0,0.4991,0.8668,0.4827,0.8273
1436,0.9977,0.8951,0.5909,0.3529,0.5053
1437,0.6519,0.9651,0.4188,0.0887,0.2639
1438,0.4214,0.9981,0.4464,0.4704,0.5579
1439,0.9967,0.9394,0.7346,0.8378,0.4545
1440,0.9146,0.2585,0.4265,0.4665,0.3908
1441,0.006,0.3556,0.7447,0.586,0.7574
1442,0.1058,0.6308,0.4875,0.4587,0.1807
1443,0.9485,0.853,0.6884,0.5924,0.6004
1444,0.967,0.841,0.597,0.7389,0.6039
1445,0.6909,0.621,0.7668,0.5144,0.3147
1446,0.06,0.5863,0.533,0.6283,0.5288
1447,0.9235,0.9367,0.3879,0.6422,0.6518
1448,0.6801,0.7012,0.4286,0.5261,0.2632
1449,0.998,0.749,0.7392,0.5969,0.451
1450,0.8078,0.4955,0.5917,0.6267,0.7235
1451,0.092,0.8608,0.3917,0.4742,0.546
1452,0.2022,0.9432,0.6198,0.6166,0.5582
1453,0.9995,0.9352,0.7199,0.6969,0.6043
1454,0.5872,0.6599,0.56,0.6719,0.6625
1455,0.2444,0.1904,0.6969,0.5381,0.806
1456,0.7381,0.4405,0.5533,0.5755,0.5203
1457,0.6489,0.8692,0.3831,0.3141,0.4897
1458,0.7708,0.8519,0.3327,0.3727,0.9137
1459,0.7869,0.6741,0.6666,0.6953,0.268
1460,0.999,0.9246,0.7188,0.7552,0.6217
1461,0.5907,0.6949,0.5967,0.4937,0.7264
1462,0.5369,0.3708,0.3317,0.2415,0.3604
1463,0.6491,0.4415,0.4597,0.4564,0.7667
1464,0.9271,0.8284,0.6803,0.6703,0.6504
1465,0.9422,0.9147,0.3255,0.2215,0.5456
1466,0.9654,0.0559,0.736,0.7805,0.5136
1467,0.7945,0.8069,0.7836,0.6762,0.8069
1468,0.9639,0.6978,0.231,0.1963,0.5865
1469,0.1873,0.3481,0.5759,0.6651,0.6126
1470,0.9935,0.2688,0.4225,0.5887,0.6365
1471,0.8122,0.3854,0.2921,0.2715,0.6358
1472,0.7343,0.1409,0.3561,0.367,0.1745
1473,0.0178,0.2025,0.1365,0.1134,0.4347
1474,0.9046,0.8879,0.7277,0.5505,0.7178
1475,0.4888,0.9265,0.8049,0.9041,0.9619
1476,0.9166,0.9701,0.6183,0.8939,0.8886
1477,0.9363,0.1494,0.47,0.4144,0.632
1478,0.9381,0.7775,0.7045,0.792,0.8491
1479,0.2167,0.4324,0.1773,0.2208,0.3045
1480,0.1111,0.9035,0.5054,0.3648,0.1489
1481,0.1902,0.3814,0.6625,0.6381,0.7289
1482,0.6878,0.8447,0.3877,0.5226,0.5921
1483,0.9936,0.9039,0.3536,0.2102,0.1037
1484,0.8217,0.9052,0.8105,0.8217,0.8628
1485,0.0201,0.8893,0.4942,0.6355,0.7772
1486,0.9999,0.9694,0.6766,0.63,0.7952
1487,0.3122,0.8502,0.2396,0.2488,0.1126
1488,0.1701,0.8705,0.5322,0.5359,0.5417
1489,0.0023,0.3851,0.4163,0.4582,0.3836
1490,0.0761,0.2108,0.2825,0.3683,0.1704
1491,0.9376,0.1822,0.6642,0.7435,0.4618
1492,0.9437,0.3935,0.646,0.5961,0.2348
1493,0.2497,0.2886,0.5702,0.3824,0.831
1494,0.0494,0.577,0.5427,0.7681,0.6563
1495,0.9371,0.1252,0.5738,0.6192,0.6373
1496,0.2825,0.7662,0.4056,0.4266,0.3997
1497,0.9325,0.2624,0.6597,0.6461,0.5951
1498,0.967,0.7758,0.5903,0.5819,0.8208
1499,0.4592,0.9298,0.6744,0.6139,0.4669
1500,0.1611,0.9022,0.6608,0.8383,0.5646
1501,0.8524,0.0808,0.271,0.0468,0.2933
1502,0.7608,0.9603,0.7017,0.1319,0.5124
1503,0.9786,0.3977,0.3815,0.1878,0.6641
1504,0.0016,0.5316,0.4236,0.4628,0.4408
1505,0.4497,0.8478,0.369,0.7936,0.9075
1506,0.9722,0.9533,0.4202,0.6418,0.7173
1507,0.8891,0.935,0.633,0.9798,0.8286
1508,0.0298,0.2259,0.7087,0.377,0.5543
1509,0.7593,0.3286,0.6708,0.7253,0.5722
1510,0.1716,0.9874,0.3751,0.4307,0.2946
1511,0.9362,0.8086,0.5056,0.5303,0.5234
1512,0.3356,0.8018,0.5676,0.389,0.5095
1513,0.897,0.9907,0.57,0.9028,0.7322
1514,0.1379,0.9676,0.5613,0.7948,0.5001
1515,0.7612,0.6827,0.7662,0.31,0.5914
1516,0.9226,0.9612,0.5894,0.851,0.7458
1517,0.5107,0.7497,0.6684,0.1904,0.1621
1518,0.2708,0.9579,0.5783,0.6515,0.751
1519,0.298,0.2581,0.6901,0.4593,0.355
1520,0.3078,0.9182,0.4677,0.9443,0.7807
1521,0.6466,0.6639,0.3306,0.2107,0.3291
1522,0.7834,0.1368,0.4255,0.8081,0.5818
1523,0.1686,0.6598,0.3928,0.5763,0.5349
1524,0.9764,0.8229,0.7624,0.5096,0.4629
1525,0.7378,0.9834,0.4417,0.8773,0.9084
1526,0.8475,0.7939,0.3865,0.5667,0.6534
1527,0.5515,0.2024,0.6722,0.3331,0.1946
1528,0.7906,0.0327,0.4931,0.3438,0.2793
1529,0.6097,0.9384,0.3455,0.5184,0.4943
1530,0.0199,0.8873,0.375,0.1461,0.2349
1531,0.639,0.4074,0.4742,0.3727,0.3347
1532,0.9962,0.6235,0.7444,0.3461,0.7429
1533,0.9896,0.2339,0.7283,0.403,0.519
1534,0.4337,0.6628,0.5387,0.5753,0.644
1535,0.892,0.8948,0.445,0.8565,0.6821
1536,0.2941,0.6203,0.5162,0.9053,0.7076
1537,0.2778,0.9538,0.5906,0.3658,0.2694
1538,0.0084,0.9929,0.867,0.9103,0.7787
1539,0.9771,0.9585,0.3562,0.3673,0.5035
1540,0.7248,0.965,0.4818,0.7298,0.6556
1541,0.5314,0.045,0.5885,0.8072,0.623
1542,0.3417,0.5835,0.7254,0.5128,0.5683
1543,0.6447,0.7798,0.6327,0.8826,0.7995
1544,0.3239,0.1276,0.4194,0.3574,0.6674
1545,0.6249,0.0622,0.6706,0.5726,0.8001
1546,0.9892,0.8602,0.2859,0.5864,0.4686
1547,0.0787,0.9889,0.6708,0.7008,0.7909
1548,0.9967,0.8228,0.4929,0.6445,0.5754
1549,0.3563,0.1561,0.8725,0.9376,0.8241
1550,0.6459,0.5391,0.3647,0.1697,0.1734
1551,0.7313,0.5593,0.4089,0.454,0.6682
1552,0.7402,0.6704,0.3209,0.7886,0.6482
1553,0.0514,0.3904,0.6711,0.8376,0.3805
1554,0.6248,0.9128,0.336,0.6776,0.3669
1555,0.8586,0.6845,0.5914,0.6322,0.561
1556,0.3837,0.0128,0.4953,0.9458,0.9222
1557,0.7415,0.9575,0.7131,0.7265,0.6897
1558,0.7416,0.9822,0.5114,0.605,0.7447
1559,0.971,0.8839,0.4902,0.4891,0.1032
1560,0.9835,0.9199,0.4551,0.086,0.5261
1561,0.3997,0.1561,0.7199,0.0895,0.179
1562,0.0299,0.8637,0.6889,0.4957,0.6628
1563,0.8779,0.9056,0.5706,0.6101,0.5168
1564,0.4524,0.6547,0.6895,0.6317,0.8128
1565,0.9319,0.5994,0.8646,0.7427,0.4453
1566,0.9457,0.5987,0.439,0.5411,0.6709
1567,0.9991,0.4788,0.4262,0.6948,0.717
1568,0.937,0.7846,0.5744,0.6012,0.3049
1569,0.2839,0.9621,0.4555,0.3495,0.1482
1570,0.0277,0.9328,0.4167,0.7969,0.6545
1571,0.1403,0.363,0.3518,0.1632,0.295
1572,0.0096,0.6062,0.4957,0.4278,0.444
1573,0.9915,0.3334,0.4279,0.8078,0.5862
1574,0.4378,0.9152,0.6437,0.322,0.345
1575,0.9969,0.9666,0.571,0.7825,0.3254
1576,0.1054,0.5485,0.6015,0.1717,0.256
1577,0.2904,0.971,0.426,0.715,0.5273
1578,0.2147,0.1903,0.2132,0.4198,0.5104
1579,0.6202,0.5966,0.7655,0.6801,0.5289
1580,0.9578,0.3988,0.6708,0.7408,0.548
1581,0.788,0.9083,0.6584,0.8778,0.4785
1582,0.9786,0.887,0.475,0.0652,0.3305
1583,0.3756,0.432,0.7519,0.7395,0.5587
1584,0.9893,0.8377,0.5056,0.5514,0.6118
1585,0.981,0.9718,0.7951,0.4833,0.3083
1586,0.0355,0.9087,0.4466,0.7343,0.4815
1587,0.496,0.5152,0.7803,0.5417,0.5429
1588,0.1316,0.8094,0.6951,0.7566,0.4572
1589,0.007,0.9414,0.7637,0.5324,0.9172
1590,0.7301,0.482,0.6046,0.3878,0.2448
1591,0.8346,0.0734,0.6912,0.7567,0.7296
1592,0.9949,0.9707,0.3928,0.636,0.3726
1593,0.7029,0.6307,0.6137,0.4074,0.3466
1594,0.5848,0.9144,0.5327,0.5673,0.5702
1595,0.0704,0.0847,0.6188,0.7542,0.6051
1596,0.0339,0.1251,0.339,0.3033,0.352
1597,0.3652,0.8648,0.6953,0.5346,0.3771
1598,0.7651,0.9707,0.4204,0.4975,0.7403
1599,0.065,0.1943,0.6637,0.6502,0.3408
1600,0.1318,0.3765,0.5541,0.2237,0.2756
1601,0.998,0.7308,0.7843,0.8235,0.7221
1602,0.9999,0.9541,0.4198,0.9362,0.3839
1603,0.7718,0.3013,0.4282,0.5721,0.3407
1604,0.9933,0.9581,0.4622,0.8163,0.6378
1605,0.7276,0.6969,0.5436,0.2292,0.3695
1606,0.002,0.8404,0.5928,0.8439,0.5924
1607,0.0672,0.9833,0.4318,0.2762,0.5617
1608,0.552,0.4413,0.5516,0.9744,0.821
1609,0.1253,0.9741,0.5382,0.6525,0.3885
1610,0.5595,0.8599,0.5769,0.2598,0.3021
1611,0.9084,0.9356,0.2698,0.6114,0.555
1612,0.1081,0.058,0.7084,0.7635,0.4985
1613,0.6137,0.951,0.4,0.4751,0.5105
1614,0.6523,0.0936,0.8725,0.4031,0.7251
1615,0.9945,0.9867,0.5942,0.9422,0.3204
1616,0.926,0.939,0.3462,0.6829,0.2932
1617,1.0,0.6196,0.8341,0.4849,0.7693
1618,0.9909,0.6844,0.911,0.5033,0.5292
1619,0.1978,0.9626,0.8729,0.7683,0.7178
1620,0.9715,0.9701,0.9567,0.8387,0.7086
1621,0.5887,0.3407,0.4184,0.4367,0.3859
1622,0.051,0.9848,0.8866,0.3291,0.5715
1623,0.9238,0.9298,0.9069,0.8136,0.4751
1624,0.0287,0.9712,0.5542,0.8918,0.5392
1625,0.0393,0.6914,0.024,0.1413,0.5734
1626,0.2165,0.9592,0.763,0.2662,0.3778
1627,0.9659,0.2479,0.7323,0.7688,0.5848
1628,0.9803,0.81,0.5982,0.657,0.7421
1629,0.9488,0.9755,0.8522,0.8485,0.6045
1630,0.9898,0.9284,0.9973,0.7263,0.4329
1631,0.977,0.7451,0.7636,0.4622,0.7125
1632,0.4751,0.4209,0.1999,0.3605,0.4609
1633,0.0939,0.9501,0.1139,0.7839,0.3404
1634,0.2572,0.977,0.3482,0.5215,0.4555
1635,0.1548,0.6272,0.4214,0.7279,0.8371
1636,0.9987,0.81,0.7743,0.3792,0.5922
1637,0.9508,0.9077,0.7368,0.903,0.5584
1638,0.9641,0.7766,0.6032,0.3606,0.3968
1639,0.1272,0.5735,0.7125,0.1809,0.557
1640,0.2418,0.697,0.9846,0.4815,0.4869
1641,0.9799,0.4637,0.358,0.4785,0.4791
1642,0.9448,0.6567,0.7468,0.575,0.5132
1643,0.4498,0.954,0.655,0.6185,0.67
1644,0.5059,0.069,0.2789,0.43,0.4007
1645,0.3077,0.8935,0.1276,0.1007,0.5413
1646,0.6363,0.9582,0.3016,0.4057,0.4237
1647,0.9635,0.9232,0.4743,0.2767,0.7187
1648,0.9999,0.8949,0.8953,0.537,0.3725
1649,0.9886,0.9234,0.8837,0.9724,0.6409
1650,0.1085,0.5299,0.8931,0.7431,0.8798
1651,0.5735,0.9665,0.5791,0.8084,0.8413
1652,0.8852,0.6076,0.5254,0.7242,0.6146
1653,0.4655,0.7362,0.8254,0.7642,0.6216
1654,0.1394,0.8062,0.7919,0.7758,0.7825
1655,0.5131,0.079,0.7444,0.8221,0.4172
1656,0.74,0.9357,0.1878,0.7569,0.6211
1657,0.7528,0.9305,0.5722,0.5869,0.631
1658,0.1022,0.3346,0.7964,0.3802,0.32
1659,0.63,0.3328,0.6603,0.4924,0.6718
1660,0.0826,0.7911,0.1513,0.445,0.6181
1661,0.336,0.5285,0.615,0.5674,0.5876
1662,0.9996,0.9872,0.3441,0.7473,0.3124
1663,0.4577,0.4624,0.221,0.4605,0.3376
1664,0.055,0.1742,0.012,0.3822,0.525
1665,0.6597,0.9445,0.8303,0.7293,0.3458
1666,0.9821,0.9196,0.647,0.4847,0.5591
1667,0.745,0.8882,0.9792,0.8746,0.5825
1668,0.1609,0.9077,0.5977,0.5005,0.4649
1669,0.1192,0.0931,0.1285,0.2423,0.3955
1670,0.8385,0.3231,0.881,0.623,0.5916
1671,0.6348,0.6379,0.3477,0.2018,0.2808
1672,0.9559,0.776,0.9317,0.9093,0.7276
1673,0.1792,0.3477,0.906,0.9837,0.8392
1674,0.3404,0.9621,0.414,0.2817,0.1196
1675,0.9476,0.9409,0.8088,0.9915,0.8964
1676,0.107,0.9599,0.7079,0.8512,0.7546
1677,0.9664,0.0937,0.4208,0.4512,0.5985
1678,0.7972,0.5746,0.4594,0.6463,0.7439
1679,0.8668,0.8502,0.8975,0.9934,0.7267
1680,0.2281,0.4812,0.5144,0.9298,0.9156
1681,0.0984,0.5309,0.1562,0.1698,0.4901
1682,0.3347,0.8541,0.7338,0.7673,0.4263
1683,0.3261,0.9792,0.6703,0.754,0.255
1684,0.82,0.5609,0.8636,0.9763,0.6286
1685,0.0489,0.8095,0.8427,0.8877,0.6293
1686,0.9444,0.9037,0.7103,0.9869,0.8675
1687,0.8115,0.2957,0.6447,0.4042,0.1648
1688,0.032,0.7509,0.4272,0.6565,0.422
1689,0.8093,0.8793,0.6658,0.7357,0.3471
1690,0.7398,0.7643,0.8657,0.4592,0.235
1691,0.5577,0.9786,0.2747,0.2598,0.4539
1692,0.9665,0.7299,0.8088,0.701,0.5151
1693,0.5193,0.9401,0.46,0.8765,0.748
1694,0.5132,0.2168,0.1617,0.0452,0.2811
1695,0.0196,0.6265,0.159,0.1047,0.7055
1696,0.1737,0.9513,0.8239,0.8744,0.711
1697,0.2103,0.8866,0.8123,0.7403,0.7353
1698,0.7981,0.7112,0.4718,0.6328,0.4502
1699,0.6941,0.1911,0.9468,0.9815,0.7596
1700,0.2617,0.8672,0.8728,0.911,0.5672
1701,0.2443,0.9034,0.3423,0.8183,0.8313
1702,0.0366,0.8108,0.5301,0.6191,0.3237
1703,0.1377,0.7187,0.7402,0.8651,0.7675
1704,0.94,0.8121,0.633,0.7054,0.2226
1705,0.95,0.7684,0.9157,0.9085,0.8584
1706,0.0367,0.1958,0.0829,0.1311,0.4556
1707,0.8605,0.0698,0.5726,0.9249,0.6954
1708,0.6007,0.21,0.7262,0.776,0.6823
1709,0.9219,0.0,0.0421,0.0001,0.0831
1710,0.5264,0.7314,0.9604,0.7934,0.6413
1711,0.9609,0.9539,0.9663,0.9939,0.8215
1712,0.9828,0.9465,0.6267,0.8716,0.5628
1713,0.8751,0.6559,0.5503,0.1566,0.4602
1714,0.9204,0.9594,0.4057,0.7343,0.4338
1715,0.0381,0.8336,0.4314,0.1637,0.2846
1716,0.9863,0.8995,0.6116,0.8082,0.6406
1717,0.0892,0.9289,0.3218,0.1776,0.3194
1718,0.0692,0.1044,0.1137,0.1126,0.2883
1719,0.55,0.69,0.8632,0.9051,0.4975
1720,0.4923,0.5495,0.9446,0.9242,0.4001
1721,0.0584,0.3354,0.5981,0.8695,0.5496
1722,0.9929,0.8124,0.8437,0.9231,0.1995
1723,0.0546,0.151,0.3358,0.73,0.3641
1724,0.0268,0.8186,0.5807,0.9164,0.4432
1725,0.6985,0.9867,0.4945,0.8268,0.5695
1726,0.8303,0.2776,0.7094,0.7879,0.614
1727,0.3574,0.2567,0.2701,0.4028,0.4528
1728,0.9999,1.0,0.802,0.8935,0.2538
1729,0.9992,0.9869,0.6345,0.2073,0.7341
1730,0.6084,0.5178,0.8832,0.5721,0.1086
1731,0.9997,0.9618,0.6562,0.9259,0.4464
1732,0.9996,0.8045,0.3886,0.76,0.307
1733,0.2908,0.9882,0.4995,0.9564,0.9707
1734,0.6501,1.0,0.3864,0.9693,0.502
1735,0.9779,0.9614,0.206,0.0643,0.1556
1736,0.5261,0.8293,0.8242,0.8564,0.8234
1737,0.1443,0.9911,0.9707,0.992,0.3199
1738,0.9858,0.9998,0.9798,0.9982,0.7045
1739,0.0042,0.3246,0.3289,0.1888,0.9197
1740,1.0,0.8692,0.8481,0.8653,0.7347
1741,0.178,0.991,0.2279,0.9984,0.9301
1742,0.9999,0.991,0.7136,0.8308,0.6835
1743,0.9997,0.8179,0.9087,0.9898,0.4865
1744,0.9551,0.8677,0.4807,0.9979,0.9175
1745,0.0263,0.8757,0.6267,0.257,0.5871
1746,0.9996,0.6908,0.321,0.758,0.413
1747,0.9564,0.9743,0.5839,0.9634,0.983
1748,0.9538,0.9796,0.321,0.9494,0.8564
1749,0.9985,0.2081,0.8461,0.3654,0.157
1750,0.9996,0.4184,0.82,0.8178,0.8669
1751,1.0,0.9393,0.1401,0.94,0.8726
1752,0.9746,0.9658,0.525,0.484,0.5292
1753,0.0009,0.9613,0.5887,0.0259,0.1766
1754,0.9926,0.9183,0.5892,0.9991,0.9748
1755,0.9828,0.7526,0.575,0.9524,0.9548
1756,0.9258,0.9999,0.9217,0.9963,0.9494
1757,0.9999,0.9822,0.7783,0.9957,0.5655
1758,0.0462,0.9943,0.7068,0.9991,0.9923
1759,0.2528,0.9684,0.5226,0.9988,0.9726
1760,1.0,0.9988,0.385,0.9953,0.9523
1761,0.7301,0.5844,0.3008,0.6589,0.1434
1762,0.9737,0.4419,0.9174,0.9987,0.6121
1763,0.9929,0.9801,0.4494,0.0597,0.1821
1764,0.2328,0.9982,0.8902,0.9854,0.2301
1765,0.9988,0.9584,0.9557,0.2504,0.4925
1766,0.9997,0.6239,0.3981,0.121,0.1883
1767,0.9355,0.986,0.5938,0.9115,0.9593
1768,0.9978,0.9933,0.8299,0.2278,0.3548
1769,0.9994,0.9995,0.2557,0.9915,0.9074
1770,0.9936,0.9934,0.6782,0.9873,0.6541
1771,1.0,0.7959,0.4504,0.9403,0.5129
1772,0.9851,0.9317,0.321,0.751,0.7357
1773,0.0061,0.6844,0.637,0.3458,0.1038
1774,0.9419,0.9937,0.75,0.9776,0.9116
1775,1.0,0.9891,0.9834,0.9718,0.8133
1776,0.9776,0.987,0.7267,0.9647,0.9116
1777,1.0,0.8094,0.216,0.0105,0.0832
1778,1.0,0.9979,0.8324,0.9987,0.9952
1779,0.9966,0.9773,0.2758,0.9945,0.9191
1780,0.5651,0.997,0.836,0.9872,0.5301
1781,0.1205,0.9926,0.7764,0.2478,0.4918
1782,0.9984,0.9911,0.7626,0.8387,0.9458
1783,0.9984,0.53,0.4543,0.9831,0.8031
1784,0.9999,0.2942,0.4949,0.7147,0.1967
1785,0.9776,1.0,0.7792,0.9173,0.6255
1786,0.6126,0.0875,0.8419,0.046,0.1113
1787,0.0692,0.9865,0.8836,0.9246,0.8901
1788,0.6298,0.9891,0.3529,0.9715,0.6161
1789,0.9969,0.5045,0.7531,0.1242,0.9681
1790,0.9514,0.8633,0.462,0.8639,0.2722
1791,0.5839,0.4811,0.9436,0.7966,0.138
1792,0.9997,0.6892,0.2437,0.988,0.9769
1793,0.9696,0.9849,0.897,0.6469,0.5421
1794,0.9985,0.9993,0.6485,0.9995,0.9794
1795,0.8995,0.22,0.96,0.9999,0.7381
1796,0.0253,1.0,0.9855,0.9997,0.4512
1797,0.0514,0.4283,0.2909,0.2221,0.8393
1798,1.0,0.2558,0.7132,0.9724,0.363
1799,0.9941,0.9819,0.8877,0.9999,0.9761
1800,0.9997,0.9989,0.8855,0.6381,0.6869
1801,0.0153,0.9991,0.5463,0.7663,0.9246
1802,0.9986,0.9963,0.7952,0.9981,0.9398
1803,0.9991,0.9946,0.892,0.9842,0.7664
1804,0.9828,0.9696,0.9118,0.951,0.9999
1805,0.9999,0.9617,0.8516,0.9688,0.8081
1806,0.9945,0.2809,0.5398,0.919,0.4166
1807,1.0,0.9143,0.9687,1.0,0.5116
1808,0.9817,0.9936,0.7266,0.9549,0.9268
1809,0.7293,0.9314,0.9838,0.998,0.8795
1810,0.6142,0.999,0.5816,0.9898,0.4331
1811,1.0,0.7887,0.9755,0.95,0.3361
1812,1.0,0.9936,0.886,0.8821,0.8932
1813,0.9721,0.9982,0.9134,0.9784,0.5457
1814,0.9999,0.9838,0.7178,0.9959,0.9694
1815,0.9997,0.9672,0.4797,0.077,0.934
1816,0.994,0.8918,0.9602,0.9998,0.9322
1817,0.9761,0.9988,0.9355,0.9979,0.8496
1818,0.9998,0.4504,0.8358,0.9814,0.5177
1819,0.4406,0.4336,0.9238,0.9983,0.807
1820,0.9594,0.9977,0.9373,0.6553,0.8806
1821,0.8638,0.9049,0.4805,0.9998,0.8837
1822,0.9994,0.8668,0.9959,0.981,0.7595
1823,0.9996,0.9914,0.9368,0.9605,0.9697
1824,0.9998,0.9405,0.4799,0.1291,0.0833
1825,0.9362,0.9902,0.5916,0.9587,0.4615
1826,0.999,0.9936,0.0503,0.766,0.9712
1827,0.9956,0.9408,0.351,0.3248,0.8356
1828,0.9648,0.9988,0.9857,0.8237,0.5899
1829,0.9702,0.5036,0.7086,0.1596,0.4418
1830,0.2753,0.9788,0.7817,0.9994,0.7151
1831,0.6917,0.9935,0.8507,0.1639,0.772
1832,0.9999,0.9898,0.8822,0.7124,0.9095
1833,0.8817,0.4982,0.8676,0.9739,0.7465
1834,0.9997,0.9711,0.6729,0.9972,0.848
1835,0.9993,0.8852,0.8909,0.9658,0.7232
1836,0.9999,0.7751,0.9273,0.9998,0.9498
1837,1.0,0.9198,0.6151,0.9909,0.908
1838,1.0,0.7775,0.1176,0.8783,0.8786
1839,1.0,0.9994,0.6854,0.9952,0.8834
1840,0.9989,0.9968,0.8835,0.7594,0.8499
1841,0.0069,0.9873,0.8426,0.9902,0.8536
1842,0.9999,0.9255,0.0587,0.004,0.8204
1843,1.0,0.9741,0.3704,0.4751,0.7659
1844,0.9984,0.999,0.7805,0.9429,0.9816
1845,0.9998,0.7653,0.503,0.8731,0.9882
1846,0.956,0.9988,0.8385,0.9983,0.9684
1847,0.9919,0.9989,0.879,0.9869,0.9191
1848,0.9395,0.9496,0.5072,0.9974,0.8814
1849,0.9556,0.9563,0.402,0.4338,0.0759
1850,0.9998,0.9959,0.3028,0.9472,0.9901
1851,0.901,0.9775,0.8712,0.9792,0.8973
1852,0.0219,0.9957,0.3433,0.9995,0.8763
1853,0.9815,0.9997,0.8427,0.9898,0.8512
1854,0.9995,0.8523,0.4991,0.9965,0.7244
1855,0.9783,0.9723,0.4085,0.9551,0.8457
1856,0.9998,0.9972,0.9236,0.9999,0.855
1857,0.9989,0.9685,0.9385,0.6598,0.9811
1858,0.0094,0.9982,0.8916,0.9865,0.8826
1859,0.9962,0.9965,0.2399,0.2567,0.9657
1860,0.8823,0.9928,0.1446,0.9436,0.9196
1861,0.9872,0.989,0.5396,0.9957,0.9571
1862,0.9829,0.9179,0.0884,0.9329,0.8097
1863,0.998,0.4563,0.9257,0.8579,0.3804
1864,0.9613,0.9982,0.6886,0.978,0.494
1865,0.1675,0.9616,0.5371,0.9977,0.875
1866,0.2476,0.3069,0.2205,0.907,0.1653
1867,0.9999,0.9954,0.4021,0.9946,0.9816
1868,0.9961,0.9958,0.6977,0.9328,0.2914
1869,0.9996,0.9938,0.23,0.9972,0.8646
1870,0.9648,0.9987,0.9191,0.623,0.9267
1871,0.9984,0.9976,0.6117,0.9619,0.9038
1872,0.9824,0.9987,0.5805,0.9803,0.9901
1873,0.7725,0.9789,0.2884,0.3728,0.3074
1874,0.4976,0.9999,0.7239,0.9573,0.865
1875,0.9626,0.7094,0.7766,0.9844,0.9461
1876,0.9998,0.9942,0.4572,0.8798,0.8909
1877,0.2329,0.9965,0.8826,0.9996,0.9731
1878,0.9997,0.8028,0.6356,0.9591,0.9867
1879,0.9593,0.9736,0.9937,0.9949,0.5608
1880,0.9996,0.7511,0.6546,0.995,0.9837
1881,0.6246,0.9485,0.2187,0.3293,0.2704
1882,0.9996,0.3606,0.9577,0.9999,0.9865
1883,1.0,0.9548,0.8787,1.0,0.9995
1884,0.963,0.3459,0.2727,0.9247,0.0936
1885,0.7168,0.713,0.5473,0.7313,0.1064
1886,0.9939,0.9959,0.883,0.9961,0.8533
1887,0.8937,0.9899,0.5996,0.9927,0.9724
1888,0.9983,0.9993,0.9281,0.9998,0.98
1889,0.9451,0.9789,0.4408,0.9899,0.7435
1890,0.9997,0.8707,0.618,0.5627,0.342
1891,0.2064,0.9428,0.9963,0.9573,0.1679
1892,0.2614,0.9873,0.9067,0.9756,0.998
1893,0.9149,0.9981,0.89,0.8644,0.1961
1894,0.9911,0.6301,0.6514,0.4566,0.067
1895,0.3334,0.993,0.7409,0.9998,0.7335
1896,0.9929,0.9387,0.5476,0.1488,0.2134
1897,0.9996,0.9995,0.8581,0.9812,0.952
1898,0.9918,0.9089,0.4892,0.0073,0.0066
1899,0.9676,0.9995,0.1949,0.9761,0.4191
1900,0.9882,0.6973,0.9462,0.9843,0.9161
1901,0.9903,0.9533,0.7687,0.9717,0.9004
1902,0.7165,0.991,0.6495,0.5944,0.4452
1903,1.0,0.5247,0.7278,0.9679,0.9308
1904,0.9804,0.9985,0.5422,0.999,0.9983
1905,0.9112,0.8393,0.5421,0.8385,0.3083
1906,0.0331,0.7803,0.6163,0.0137,0.0033
1907,0.9618,0.8427,0.1838,0.6247,0.8715
1908,0.9999,0.9997,0.8805,0.9805,0.9474
1909,0.9999,0.2052,0.9205,0.8895,0.8953
1910,0.8736,0.9975,0.5044,0.9149,0.855
1911,0.9304,0.9907,0.3601,0.9826,0.9874
1912,0.6764,0.9936,0.2774,0.0376,0.1521
1913,0.9993,0.9352,0.672,0.9785,0.9639
1914,0.983,0.1364,0.7001,0.9029,0.8421
1915,0.3168,0.9977,0.4296,0.4151,0.478
1916,0.236,0.5062,0.7165,0.7969,0.9269
1917,0.9973,0.925,0.7221,0.7402,0.6828
1918,0.9742,0.9872,0.8353,0.9622,0.904
1919,0.4685,0.9919,0.7112,0.9884,0.964
1920,0.1022,0.9327,0.6294,0.6673,0.7801
1921,0.9998,0.9622,0.8095,0.9569,0.8314
1922,0.5022,0.9998,0.8051,0.8559,0.9823
1923,0.085,0.9601,0.8,0.9505,0.8397
1924,0.9395,0.9867,0.5983,0.9143,0.9805
1925,0.9996,0.807,0.5935,0.8941,0.1228
1926,0.9989,0.9032,0.8781,0.7692,0.2892
1927,0.9994,0.9915,0.7931,0.9926,0.5584
1928,0.0002,0.7633,0.1119,0.0244,0.0149
1929,1.0,0.9989,0.9458,0.9642,0.9561
1930,0.9769,0.9415,0.4515,0.9711,0.9551
1931,0.9996,0.9277,0.4384,0.9326,0.4551
1932,0.9991,0.9976,0.8387,0.3344,0.6053
1933,0.994,0.8147,0.7508,0.7701,0.8325
1934,1.0,0.9996,0.9355,0.9961,0.9704
1935,0.9998,0.8973,0.7074,0.9128,0.9341
1936,0.9358,0.997,0.7855,0.9005,0.2148
1937,0.964,0.9924,0.364,0.9946,0.97
1938,0.9944,0.8417,0.7886,0.8039,0.888
1939,0.9999,0.1911,0.5833,0.6283,0.9335
1940,0.9873,0.9639,0.4629,0.9838,0.9614
1941,0.1657,0.8296,0.2802,0.8449,0.982
1942,1.0,0.4511,0.8394,0.9783,0.9872
1943,1.0,0.9993,0.969,0.9982,0.9913
1944,0.9982,0.9924,0.4975,0.975,0.9695
1945,0.9651,0.8074,0.8194,0.7904,0.6551
1946,0.9756,0.7569,0.7351,0.0569,0.1578
1947,0.79,0.9959,0.4681,0.1224,0.2381
1948,0.9998,0.9934,0.8519,0.996,0.9651
1949,0.3605,0.9991,0.8603,0.9651,0.4915
1950,0.9171,0.9498,0.3587,0.7887,0.8909
1951,0.9372,0.9805,0.606,0.945,0.8374
1952,0.9641,0.9983,0.6356,0.9453,0.8316
1953,0.9916,0.9803,0.8711,0.9062,0.9172
1954,1.0,0.9882,0.9325,0.976,0.7606
1955,0.986,0.9992,0.8013,0.9939,0.9655
1956,0.9653,0.9676,0.4356,0.9872,0.9814
1957,0.9999,0.5913,0.4633,0.7025,0.559
1958,0.7109,0.9986,0.8691,0.9688,0.9056
1959,0.9927,0.9918,0.8923,0.9632,0.7774
1960,0.5378,0.9864,0.7683,0.9185,0.714
1961,0.9997,0.4712,0.832,0.9171,0.5299
1962,0.6861,0.3463,0.3763,0.9961,0.921
1963,0.7802,0.9937,0.5865,0.9977,0.9257
1964,0.9876,0.9999,0.6834,0.974,0.9613
1965,0.7062,0.9969,0.4941,0.0436,0.1501
1966,0.9999,0.9896,0.7455,0.8761,0.078
1967,0.9994,0.996,0.8017,0.9808,0.314
1968,0.9038,0.8624,0.2305,0.2809,0.7736
1969,0.9871,0.914,0.4306,0.9593,0.9503
1970,0.9452,0.9819,0.2774,0.9993,0.8782
1971,0.112,0.9999,0.6749,0.8596,0.9822
1972,0.8922,0.1443,0.5847,0.277,0.1951
1973,0.8941,0.9559,0.6092,0.633,0.9546
1974,0.7267,0.6608,0.3709,0.9033,0.7057
1975,1.0,0.5761,0.3507,0.9981,0.9926
1976,0.9976,0.9916,0.7026,0.962,0.9065
1977,0.996,0.5813,0.4758,0.9968,0.1382
1978,0.8755,0.9713,0.747,0.9268,0.9572
1979,0.8105,0.9594,0.4257,0.4715,0.8412
1980,0.4321,0.9988,0.924,0.9835,0.7808
1981,0.1004,0.9594,0.8743,0.9913,0.2008
1982,0.1665,0.9989,0.5048,0.6898,0.4396
1983,0.9429,0.9122,0.6384,0.1878,0.7771
1984,0.9631,0.9949,0.3777,0.977,0.426
1985,0.5101,0.9886,0.558,0.7855,0.6308
1986,0.9967,0.8659,0.4834,0.9978,0.8323
1987,0.9977,0.7075,0.7954,0.9595,0.9801
1988,0.9978,0.998,0.1703,0.9903,0.9855
1989,0.9999,0.8941,0.911,0.8572,0.5482
1990,0.9292,0.9716,0.93,0.9896,0.9687
1991,0.81,0.9787,0.3161,0.9694,0.7023
1992,1.0,0.9991,0.4787,0.9842,0.9601
1993,0.7114,0.9879,0.1098,0.7062,0.9063
1994,0.9966,0.9604,0.896,0.9949,0.9414
1995,0.8739,0.9967,0.6339,0.8471,0.237
1996,0.9967,0.7044,0.8395,0.3412,0.3565
1997,0.047,0.6813,0.2258,0.9741,0.6399
1998,0.9999,0.9612,0.3174,0.9621,0.9549
1999,1.0,0.5077,0.9346,0.9995,0.9859
2000,0.9983,0.5273,0.8639,0.962,0.8431
2001,0.9716,0.9989,0.4295,0.5906,0.9253
2002,0.9991,0.4541,0.931,0.9991,0.3612
2003,1.0,0.306,0.8498,0.9917,0.7197
2004,0.9966,0.99,0.7995,0.7937,0.1181
2005,0.9994,0.9762,0.4146,0.9914,0.8736
2006,0.9971,0.998,0.6945,0.9987,0.9918
2007,0.9999,0.9834,0.2246,0.9917,0.8224
2008,0.9999,0.9814,0.8305,0.9978,0.9377
2009,0.0467,0.991,0.0706,0.076,0.7638
2010,0.9441,0.5057,0.6532,0.3381,0.1442
2011,0.9945,0.6091,0.9091,0.1374,0.4855
2012,0.9813,0.643,0.3842,0.9456,0.9195
2013,0.9994,0.9096,0.9051,0.9904,0.9535
2014,0.9864,0.9311,0.5496,0.9478,0.9844
2015,0.5129,0.9539,0.3625,0.9057,0.121
2016,0.8955,0.8689,0.9993,0.998,0.7685
2017,0.9999,0.3291,1.0,1.0,0.8841
2018,0.9504,0.9036,0.9998,0.9999,0.6768
2019,0.9981,0.881,0.9994,0.9993,0.918
2020,0.9277,0.1484,1.0,0.9998,0.1791
2021,1.0,0.7932,0.9999,0.9999,0.8621
2022,0.9999,0.9876,1.0,1.0,0.9565
2023,1.0,0.9324,1.0,1.0,0.8858
2024,0.9966,0.5363,0.9997,1.0,0.2502
2025,0.9972,0.0397,1.0,1.0,0.6145
2026,0.9999,0.7146,0.9987,0.9997,0.6447
2027,0.9999,0.7575,0.9997,0.9984,0.5201
2028,0.965,0.3933,0.6905,0.9214,0.6534
2029,0.9205,0.7847,0.9986,0.9994,0.8289
2030,0.9347,0.9648,0.9872,0.9795,0.9322
2031,0.986,0.5521,0.496,0.5436,0.6227
2032,0.9694,0.9883,0.7596,0.8309,0.9694
2033,1.0,0.8987,1.0,1.0,0.6159
2034,0.976,0.7424,0.9997,0.9997,0.7225
2035,1.0,0.9729,1.0,1.0,0.7585
2036,0.9994,0.9264,0.9901,0.9827,0.9708
2037,0.9592,0.9376,0.9909,0.9271,0.5825
2038,1.0,0.8432,1.0,1.0,0.9289
2039,0.9964,0.7014,0.9997,0.9997,0.5631
2040,0.9439,0.0696,0.9998,1.0,0.4657
2041,0.6414,0.4447,0.9062,0.8125,0.4981
2042,0.8104,0.998,0.9966,0.9862,0.8915
2043,0.7669,0.878,0.8059,0.9183,0.9113
2044,0.9999,0.9127,0.9906,0.9948,0.4639
2045,0.9293,0.89,0.9284,0.9683,0.689
2046,0.9949,0.9892,0.9987,0.9998,0.4341
2047,0.9873,0.9324,1.0,1.0,0.9561
2048,0.9953,0.433,0.9981,0.9953,0.5269
2049,1.0,0.8892,0.9999,1.0,0.4949
2050,0.9994,0.3875,0.9999,0.9999,0.7659
2051,1.0,0.9868,0.9999,1.0,0.6541
2052,1.0,0.9501,1.0,0.9998,0.7845
2053,1.0,0.9989,0.9999,0.9998,0.7106
2054,0.9995,0.6447,0.9984,0.9875,0.648
2055,0.4639,0.8715,0.3764,0.7551,0.789
2056,0.9998,0.8449,1.0,1.0,0.3119
2057,1.0,0.9489,1.0,1.0,0.2953
2058,1.0,0.5855,0.9999,1.0,0.5966
2059,0.9181,0.9404,0.2046,0.4901,0.811
2060,0.9998,0.7728,1.0,1.0,0.1611
2061,1.0,0.9448,1.0,1.0,0.6343
2062,0.9999,0.4197,1.0,1.0,0.6899
2063,1.0,0.9964,1.0,1.0,0.4094
2064,1.0,0.9899,1.0,1.0,0.8011
2065,0.2867,0.7997,0.9826,0.992,0.9186
2066,0.9898,0.9533,1.0,1.0,0.512
2067,0.0088,0.9238,0.9679,0.9327,0.7718
2068,0.9993,0.9196,0.9807,0.92,0.9684
2069,0.9999,0.9464,1.0,1.0,0.7806
2070,0.9958,0.933,0.9965,0.9974,0.4832
2071,0.8201,0.9097,0.8781,0.8674,0.5618
2072,0.9984,0.1936,0.991,0.9816,0.9578
2073,0.9999,0.9904,0.9997,0.9994,0.9291
2074,0.9988,0.8017,0.9999,0.9998,0.7799
2075,1.0,0.748,1.0,1.0,0.6687
2076,0.9999,0.6822,0.9995,0.9998,0.9799
2077,0.9916,0.9179,0.9999,0.9997,0.8203
2078,0.9997,0.5663,0.9999,1.0,0.6709
2079,1.0,0.8021,0.9999,1.0,0.6212
2080,1.0,0.8215,1.0,1.0,0.6769
2081,1.0,0.598,0.9998,1.0,0.442
2082,0.9997,0.3502,0.999,0.9972,0.9481
2083,0.9997,0.2142,1.0,1.0,0.3229
2084,0.999,0.8167,1.0,1.0,0.3821
2085,1.0,0.9941,0.9998,1.0,0.9042
2086,1.0,0.976,1.0,1.0,0.8079
2087,0.9545,0.9608,0.9999,0.9989,0.9763
2088,0.984,0.9516,0.9102,0.8469,0.8762
2089,0.9999,0.9053,0.9999,1.0,0.7747
2090,0.0975,0.8279,0.9923,0.998,0.9628
2091,1.0,0.449,0.9997,0.9988,0.8107
2092,0.9499,0.6434,0.8872,0.987,0.8792
2093,0.966,0.9307,0.9906,0.9863,0.8448
2094,0.4874,0.9967,0.4654,0.951,0.4551
2095,0.9998,0.5609,0.9933,0.9996,0.3861
2096,0.9089,0.976,0.9283,0.8692,0.9277
2097,0.9991,0.9468,0.9867,0.9849,0.1751
2098,0.9879,0.9818,0.999,0.9995,0.818
2099,0.9929,0.6614,0.9983,0.9998,0.8133
2100,0.9999,0.9252,0.9999,1.0,0.8285
2101,0.9997,0.9623,0.9998,0.9994,0.7569
2102,0.9996,0.9077,0.9499,0.9803,0.1774
2103,0.9624,0.9412,0.999,1.0,0.7693
2104,0.9989,0.5308,1.0,1.0,0.8636
2105,1.0,0.9295,1.0,0.9999,0.8123
2106,0.0533,0.9577,0.6538,0.5735,0.9743
2107,1.0,0.8928,1.0,0.9977,0.1613
2108,0.9988,0.6528,0.9998,1.0,0.5239
2109,1.0,0.2684,1.0,1.0,0.3255
2110,0.9928,0.3184,0.9992,0.9997,0.3657
2111,0.1381,0.1034,0.9949,0.999,0.4046
2112,0.1604,0.1026,0.9841,0.9919,0.284
2113,0.9998,0.9485,0.9988,1.0,0.5748
2114,1.0,0.8092,0.9995,0.9991,0.5458
2115,0.9997,0.9274,1.0,0.9999,0.8112
2116,1.0,0.8218,1.0,1.0,0.9208
2117,1.0,0.8891,0.987,0.9489,0.2942
2118,0.9197,0.5513,0.9975,0.998,0.7817
2119,0.9358,0.3128,0.9971,0.9999,0.9414
2120,0.9536,0.5879,0.997,0.9886,0.2721
2121,0.9975,0.8864,0.9999,1.0,0.4997
2122,1.0,0.9148,0.9999,0.9999,0.7206
2123,1.0,0.9127,0.9999,1.0,0.6325
2124,0.0988,0.3359,0.7376,0.1391,0.2137
2125,0.9996,0.9377,1.0,1.0,0.952
2126,0.9931,0.8709,0.998,0.9945,0.7304
2127,0.0875,0.9801,0.7834,0.8616,0.7201
2128,0.7089,0.8226,0.4614,0.7708,0.9028
2129,0.9955,0.9785,0.9834,0.9957,0.365
2130,1.0,0.851,0.9999,0.9998,0.5257
2131,0.9998,0.4863,0.9999,1.0,0.2661
2132,0.9994,0.8923,0.9985,0.9981,0.2079
2133,0.9967,0.9996,0.9884,0.9978,0.9456
2134,0.1132,0.8915,0.8872,0.9627,0.9901
2135,1.0,0.981,1.0,1.0,0.9156
2136,0.9997,0.1528,0.9957,0.9932,0.0755
2137,0.9978,0.9651,1.0,1.0,0.5109
2138,0.9648,0.9661,0.9982,0.9903,0.422
2139,0.9739,0.894,0.9991,0.9998,0.9866
2140,0.9989,0.843,1.0,1.0,0.4895
2141,0.9867,0.9452,0.9973,0.9988,0.8635
2142,0.8169,0.2638,0.5532,0.3898,0.9198
2143,1.0,0.987,1.0,1.0,0.8877
2144,1.0,0.9693,0.9999,1.0,0.7988
2145,0.9914,0.8256,0.9959,0.9888,0.9923
2146,0.9991,0.964,1.0,1.0,0.2463
2147,0.975,0.9436,0.9999,1.0,0.9173
2148,0.7091,0.2345,0.9167,0.9462,0.6826
2149,1.0,0.5808,0.9993,0.9981,0.5888
2150,0.9791,0.7011,0.9999,1.0,0.6576
2151,0.9999,0.9973,0.9982,0.9975,0.1405
2152,0.9992,0.9427,1.0,1.0,0.9556
2153,0.8534,0.9636,0.9328,0.4988,0.3362
2154,1.0,0.7277,1.0,1.0,0.1487
2155,0.9717,0.5677,1.0,1.0,0.549
2156,0.8081,0.9793,0.9999,1.0,0.9682
2157,0.9934,0.7344,0.9998,0.9984,0.4592
2158,0.9977,0.9166,1.0,1.0,0.9954
2159,0.9925,0.9746,0.9997,0.9998,0.8307
2160,0.8293,0.988,0.9924,0.9846,0.5949
2161,0.8738,0.9839,0.9842,0.9872,0.4027
2162,0.7102,0.5184,0.1369,0.0586,0.6159
2163,0.9986,0.5072,1.0,1.0,0.3641
2164,0.999,0.9726,1.0,1.0,0.8349
2165,0.9929,0.7127,0.9104,0.9625,0.7507
2166,0.9995,0.8419,1.0,1.0,0.4967
2167,0.9764,0.1388,0.7522,0.8252,0.3948
2168,0.9995,0.767,0.9994,0.9994,0.3829
2169,0.8842,0.9177,0.9972,0.9986,0.7305
2170,0.9912,0.3811,0.9889,0.8617,0.6353
2171,0.999,0.9447,0.995,0.9955,0.7325
2172,0.9994,0.6334,0.9997,0.9999,0.692
2173,0.198,0.7893,0.999,0.9781,0.2453
2174,0.3074,0.5972,0.9888,0.9021,0.6123
2175,0.9992,0.9045,0.9994,0.9992,0.8654
2176,0.9876,0.9016,0.9996,0.9997,0.8118
2177,0.0328,0.9554,0.9833,0.9958,0.8757
2178,0.9997,0.8315,1.0,1.0,0.2106
2179,0.998,0.9792,0.9991,0.9988,0.8206
2180,0.5307,0.9192,0.6555,0.7507,0.9581
2181,0.9258,0.7638,0.9995,0.9996,0.8748
2182,0.9997,0.8812,0.9991,0.998,0.0468
2183,0.9999,0.4994,1.0,1.0,0.8659
2184,1.0,0.9338,1.0,1.0,0.4082
2185,1.0,0.9986,1.0,1.0,0.9888
2186,0.9825,0.3459,0.9994,0.9981,0.0112
2187,0.9152,0.8427,0.9982,0.9995,0.9493
2188,1.0,0.9996,1.0,1.0,0.9158
2189,1.0,0.8806,1.0,1.0,0.2093
2190,1.0,0.8774,1.0,1.0,0.3928
2191,0.9965,0.9582,1.0,1.0,0.6157
2192,0.9999,0.7174,1.0,1.0,0.5234
2193,1.0,0.4915,1.0,1.0,0.683
2194,0.9998,0.9183,0.9982,1.0,0.8282
2195,0.9995,0.9053,0.9993,0.9998,0.9909
2196,0.9992,0.9901,0.9993,0.9998,0.51
2197,0.9999,0.9778,1.0,1.0,0.9824
2198,0.159,0.7645,0.9829,0.9973,0.1672
2199,0.9831,0.0412,0.9973,0.9795,0.1686
2200,1.0,0.5758,0.9999,0.9999,0.5393
2201,0.9997,0.9105,0.9994,0.9998,0.9721
2202,1.0,0.9666,1.0,1.0,0.9404
2203,0.998,0.6783,1.0,1.0,0.6325
2204,0.9992,0.9838,0.9286,0.9934,0.6618
2205,0.921,0.9791,0.9866,0.9167,0.2994
2206,0.9829,0.8315,0.9203,0.5125,0.3597
2207,1.0,0.9041,1.0,1.0,0.0851
2208,0.9532,0.9897,0.9936,0.9975,0.0669
2209,0.2395,0.6138,0.9999,0.9998,0.9612
2210,0.5711,0.9209,0.6614,0.1954,0.9837
2211,0.9802,0.7221,0.945,0.9969,0.7068
2212,0.4281,0.4418,0.9963,0.9989,0.6326
2213,0.9998,0.9501,0.995,0.9997,0.7695
2214,0.0465,0.8992,0.4999,0.83,0.8792
2215,0.9998,0.9824,1.0,1.0,0.8765
2216,0.9999,0.9696,0.9999,1.0,0.9115
2217,0.9999,0.9427,0.9997,0.9997,0.8674
2218,0.9382,0.4485,0.9992,0.9986,0.8887
2219,1.0,0.5759,0.9998,0.9989,0.1812
2220,0.9992,0.8196,0.9896,0.9936,0.8869
2221,0.9955,0.8974,0.9998,0.9989,0.5039
2222,0.9318,0.9758,0.9953,0.9991,0.6969
2223,0.2628,0.9806,0.844,0.7574,0.9605
2224,0.3338,0.8113,0.9435,0.9338,0.6046
2225,0.9999,0.9121,1.0,1.0,0.3821
2226,1.0,0.7525,1.0,0.9994,0.8253
2227,0.9993,0.922,0.9985,0.9995,0.77
2228,0.0044,0.8901,0.6836,0.6459,0.3885
2229,0.9865,0.8111,0.9999,0.9999,0.3735
2230,0.1763,0.613,0.9658,0.9944,0.708
2231,1.0,0.9277,1.0,1.0,0.5581
2232,0.9991,0.6282,0.9346,0.8972,0.5641
2233,0.9997,0.885,0.9989,0.9997,0.9751
2234,1.0,0.6358,0.9993,0.9952,0.4095
2235,0.9985,0.9388,0.991,0.9831,0.5321
2236,0.8999,0.6711,0.9758,0.9986,0.9591
2237,1.0,0.9254,0.9999,1.0,0.9777
2238,1.0,0.778,1.0,1.0,0.9469
2239,0.861,0.6207,0.9774,0.9446,0.4609
2240,1.0,0.7499,0.9993,1.0,0.9322
2241,0.2442,0.9477,0.9764,0.9955,0.7772
2242,0.9997,0.9628,0.986,0.9922,0.5865
2243,0.2349,0.9598,0.9395,0.9881,0.3557
2244,0.9995,0.735,0.9929,0.999,0.9778
2245,0.9971,0.7127,0.9705,0.975,0.5035
2246,1.0,0.7065,1.0,1.0,0.6935
2247,1.0,0.6469,1.0,1.0,0.8127
2248,0.9999,0.6939,0.9999,0.9999,0.816
2249,1.0,0.9456,1.0,1.0,0.9138
2250,1.0,0.9814,1.0,1.0,0.9993
2251,0.6935,0.346,0.9996,0.9993,0.8172
2252,1.0,0.0721,1.0,1.0,0.088
2253,0.9999,0.2262,1.0,1.0,0.503
2254,1.0,0.5277,0.9998,0.9998,0.6053
2255,1.0,0.7484,1.0,1.0,0.7128
2256,0.519,0.8712,0.0613,0.8446,0.3158
2257,1.0,0.9888,1.0,1.0,0.9372
2258,0.9997,0.9828,1.0,1.0,0.5251
2259,0.9454,0.8739,0.998,0.9991,0.9947
2260,1.0,0.8094,1.0,1.0,0.159
2261,0.9737,0.7658,0.9986,0.9995,0.951
2262,0.4319,0.4009,0.8095,0.9753,0.9979
2263,0.9986,0.878,0.9888,0.9759,0.9456
2264,1.0,0.9075,1.0,1.0,0.9875
2265,0.9933,0.9962,0.9918,0.9967,0.9985
2266,0.9999,0.9957,1.0,1.0,0.9714
2267,0.9789,0.9526,0.9878,0.9877,0.4244
2268,1.0,0.9783,0.9607,0.9903,0.6604
2269,0.9975,0.8844,0.9951,0.9282,0.9392
2270,0.9992,0.7263,0.9996,1.0,0.8577
2271,0.885,0.678,0.9947,0.9392,0.5051
2272,0.9955,0.0975,0.986,0.9987,0.885
2273,0.0929,0.9997,0.544,0.4939,0.2413
2274,0.9999,0.6571,0.9995,0.9996,0.5684
2275,1.0,0.9868,1.0,1.0,0.398
2276,0.9812,0.9306,0.9999,0.9998,0.9129
2277,1.0,0.9374,0.9992,0.9999,0.4822
2278,0.0,0.6323,0.0063,0.044,0.3406
2279,1.0,0.9397,0.9971,0.9987,0.5167
2280,0.2514,0.9958,0.9937,0.9998,0.9131
2281,0.9996,0.1679,1.0,1.0,0.7613
2282,0.9685,0.8707,0.9965,1.0,0.2092
2283,0.8779,0.3383,0.9995,0.9998,0.994
2284,0.999,0.5989,1.0,1.0,0.9569
2285,0.9332,0.9212,0.5249,0.1015,0.8842
2286,1.0,0.9595,0.9939,0.9973,0.9356
2287,0.8137,0.0095,0.9997,1.0,0.0952
2288,0.1092,0.7655,0.9489,0.9686,0.5178
2289,1.0,0.6748,0.9999,1.0,0.5798
2290,0.9992,0.9794,1.0,1.0,0.8258
2291,0.9997,0.6366,1.0,1.0,0.2758
2292,1.0,0.4405,1.0,1.0,0.7957
2293,0.9998,0.9449,1.0,1.0,0.6832
2294,0.3674,0.5374,0.8978,0.9976,0.8466
2295,0.9828,0.9762,0.9987,0.9952,0.3851
2296,0.9742,0.583,0.9937,0.9989,0.4958
2297,0.9983,0.8009,0.9999,0.9999,0.7812
2298,0.9997,0.989,1.0,1.0,0.1042
2299,0.8114,0.391,0.7366,0.9733,0.97
2300,0.984,0.7208,0.9958,0.9981,0.205
2301,0.9998,0.9999,0.9999,1.0,0.998
2302,1.0,0.3438,1.0,1.0,0.9738
2303,0.9948,0.9158,1.0,1.0,0.8813
2304,0.323,0.9792,0.0018,0.0059,0.0165
2305,0.9979,0.9889,0.9706,0.9595,0.8352
2306,1.0,0.7389,1.0,0.9999,0.7592
2307,0.9643,0.9846,0.9679,0.9992,0.2111
2308,0.9841,0.6901,0.9342,0.9994,0.8098
2309,1.0,0.9984,0.9992,1.0,0.9895
2310,0.9992,0.9258,1.0,1.0,0.9184
2311,0.9999,0.0995,0.9987,0.9996,0.9503
2312,0.8833,0.9874,0.969,0.9998,0.7565
2313,0.9996,0.9927,1.0,1.0,0.9539
2314,0.9349,0.9975,0.8468,0.9964,0.9924
2315,0.9969,0.9435,0.9963,0.9999,0.9315
2316,0.9999,0.9774,0.9987,1.0,0.2769
2317,1.0,0.9618,0.9999,1.0,1.0
2318,0.948,0.9903,0.8331,0.9497,0.9598
2319,1.0,0.9904,0.9994,0.9995,0.8786
2320,0.9993,0.9898,1.0,1.0,0.9924
2321,1.0,0.9891,1.0,1.0,0.9931
2322,0.8893,0.9931,0.9589,0.9993,0.9877
2323,1.0,0.9153,0.9664,0.9239,0.632
2324,0.9999,0.9799,1.0,1.0,0.9818
2325,0.9992,0.5886,0.9998,1.0,0.9666
2326,0.9991,0.998,0.9996,1.0,0.999
2327,0.9997,0.374,0.9998,1.0,0.5049
2328,1.0,0.6023,0.9999,1.0,0.9843
2329,0.9847,0.9778,0.946,0.9918,0.1968
2330,1.0,0.9991,0.9996,1.0,0.0467
2331,1.0,0.9984,1.0,1.0,0.9886
2332,0.9963,0.9912,0.9998,1.0,0.6445
2333,0.9992,0.8824,0.9993,1.0,0.8681
2334,1.0,0.9951,1.0,1.0,0.9904
2335,0.9999,0.9963,0.9997,0.9996,0.9465
2336,1.0,0.9681,0.9999,1.0,0.975
2337,1.0,0.9804,1.0,1.0,0.8992
2338,0.965,0.8956,0.996,0.9886,0.4604
2339,1.0,0.9078,1.0,1.0,0.9932
2340,0.75,0.1823,0.9995,1.0,0.8477
2341,1.0,0.9743,1.0,1.0,0.6994
2342,1.0,0.9547,0.995,0.9998,0.5077
2343,0.9999,0.4444,0.9998,0.9999,0.9959
2344,1.0,0.9532,1.0,1.0,0.9894
2345,0.9825,0.8783,0.9169,0.9951,0.0009
2346,0.9997,0.9031,0.9991,0.9992,0.1366
2347,1.0,0.98,1.0,1.0,0.984
2348,1.0,0.9753,0.9999,1.0,0.9942
2349,1.0,0.9152,1.0,1.0,0.8875
2350,0.9999,0.9866,0.9999,1.0,0.9956
2351,1.0,0.9974,1.0,1.0,1.0
2352,0.9577,0.9984,0.9991,1.0,0.9919
2353,0.9996,0.9867,1.0,1.0,0.9994
2354,0.9997,0.546,0.9989,1.0,0.5896
2355,1.0,0.9671,1.0,1.0,0.9993
2356,0.994,0.9973,0.9979,1.0,0.7983
2357,0.0005,0.9843,0.0004,0.0002,0.7228
2358,1.0,0.9964,1.0,1.0,0.994
2359,1.0,0.9144,1.0,1.0,0.9904
2360,1.0,0.9325,1.0,1.0,0.8896
2361,0.0181,0.9334,0.0199,0.0017,0.62
2362,1.0,0.9744,0.9999,1.0,0.3914
2363,0.9999,0.9745,0.9975,0.9978,0.465
2364,1.0,0.987,0.9999,1.0,0.5992
2365,1.0,0.4866,1.0,1.0,0.9082
2366,0.2909,0.9865,0.8863,0.8467,0.6891
2367,0.9963,0.9773,0.9959,0.9997,0.0298
2368,0.9993,0.9685,0.9982,0.9999,0.9714
2369,0.9993,0.8439,0.9845,0.9942,0.7051
2370,0.9942,0.8106,0.4638,0.6031,0.0207
2371,0.1199,0.9489,0.4981,0.9941,0.7384
2372,0.9999,0.8433,0.9998,1.0,0.9771
2373,1.0,0.9928,0.9999,1.0,0.9463
2374,0.9999,0.9787,0.9977,1.0,0.9973
2375,0.9995,0.0022,1.0,1.0,0.8596
2376,0.9987,0.9363,0.9967,0.9923,0.923
2377,0.9998,0.9898,0.995,0.9999,0.9948
2378,0.998,0.3615,1.0,1.0,0.9903
2379,0.1472,0.7974,0.3098,0.0738,0.9492
2380,0.8216,0.8349,0.0697,0.6692,0.851
2381,0.029,0.9993,0.9746,0.9962,0.9986
2382,1.0,0.9967,0.9995,1.0,0.9995
2383,0.988,0.8299,0.9998,0.9999,0.5691
2384,0.9987,0.9868,0.9985,0.9999,0.9694
2385,0.8861,0.3185,0.6539,0.9761,0.5229
2386,0.9999,0.9953,0.9773,0.9979,0.2014
2387,1.0,0.8941,1.0,1.0,1.0
2388,0.995,0.8546,0.9601,0.9944,0.8783
2389,0.9996,0.9529,1.0,0.9999,0.9821
2390,0.9999,0.9854,0.9916,0.999,0.9857
2391,1.0,0.9952,0.9997,1.0,0.9917
2392,1.0,0.9142,0.9999,1.0,0.975
2393,0.2428,0.0745,0.0428,0.0005,0.1199
2394,0.9997,0.9767,0.9997,1.0,0.9977
2395,0.9948,0.8939,0.9997,0.9984,0.9928
2396,0.9998,0.9836,0.9979,1.0,0.8766
2397,0.9872,0.906,0.9999,1.0,0.9415
2398,1.0,0.8597,1.0,1.0,0.9816
2399,0.7292,0.9736,0.578,0.9867,0.9685
2400,0.9999,0.9022,0.9998,0.9992,0.1029
2401,1.0,0.6279,1.0,1.0,0.9406
2402,0.9987,0.961,0.9998,1.0,0.9629
2403,1.0,0.9618,0.9999,1.0,0.8625
2404,0.9993,0.9518,0.9096,0.8938,0.356
2405,0.9443,0.9627,0.9968,1.0,0.972
2406,0.9761,0.9974,0.8536,0.7679,0.9842
2407,1.0,0.9473,0.9992,0.9998,0.5643
2408,0.9995,0.881,0.9993,0.9998,0.9999
2409,1.0,0.9892,0.9998,0.9998,0.966
2410,1.0,0.4544,0.9997,1.0,0.9998
2411,0.9996,0.6717,0.9999,1.0,0.9935
2412,0.9999,0.3864,0.9999,1.0,0.2689
2413,0.9946,0.9889,0.9998,0.9997,0.9994
2414,0.9998,0.9952,0.9897,0.9993,0.6556
2415,0.9996,0.8694,0.9989,0.9998,0.9989
2416,0.9997,0.9801,0.997,0.9997,0.9318
2417,0.9984,0.7648,0.9997,0.9998,0.6917
2418,0.9993,0.9992,0.9422,0.9982,0.9976
2419,0.9976,0.941,0.9997,0.9999,0.9426
2420,0.2907,0.9438,0.2551,0.4053,0.619
2421,0.9996,0.9521,0.9995,0.9994,0.9336
2422,1.0,0.9973,1.0,1.0,0.9439
2423,0.9977,0.9984,0.9965,0.9991,0.9918
2424,0.9989,0.5879,0.9931,0.8889,0.9342
2425,0.9998,0.4583,0.9997,0.9993,0.9861
2426,0.9668,0.9774,0.9967,1.0,0.404
2427,1.0,0.5563,0.9994,0.9992,0.996
2428,0.9164,0.9562,0.9916,0.9995,0.9161
2429,0.9972,0.6939,0.9975,0.9945,0.9885
2430,0.9237,0.9939,0.9657,0.9991,0.9924
2431,0.9997,0.9004,0.9986,1.0,0.8917
2432,1.0,0.9909,0.9997,1.0,0.4683
2433,1.0,0.9507,0.9995,1.0,0.7012
2434,0.9994,0.9915,0.9998,0.9999,0.9496
2435,1.0,0.9129,0.9996,0.9997,0.9952
2436,0.9975,0.5658,0.9917,0.9716,0.997
2437,0.9999,0.9296,0.9988,1.0,0.6448
2438,1.0,0.9443,0.9998,0.9996,0.9646
2439,0.9974,0.5336,0.986,0.9952,0.9306
2440,0.9779,0.9542,0.8998,0.995,0.0384
2441,1.0,0.819,0.9998,1.0,0.9404
2442,0.9997,0.9802,0.9989,0.9999,0.8435
2443,1.0,0.4971,0.9997,1.0,0.8889
2444,0.9999,0.9946,0.9985,0.9996,0.9233
2445,1.0,0.8271,0.9981,1.0,0.317
2446,0.9944,0.7067,0.973,0.999,0.8229
2447,0.999,0.9005,0.9964,0.9996,0.7628
2448,0.9963,0.9141,0.9939,0.9999,0.9561
2449,0.9997,0.9523,0.978,0.999,0.6816
2450,0.9994,0.9884,0.9997,0.9999,0.8911
2451,0.9999,0.138,0.9999,0.9997,0.862
2452,0.9993,0.8086,0.9987,0.9996,0.8608
2453,0.9994,0.9931,0.9994,0.9995,0.6469
2454,0.9985,0.854,0.9998,1.0,0.9685
2455,1.0,0.9401,0.9999,0.9999,0.9908
2456,0.9977,0.8794,0.9856,0.9997,0.0096
2457,1.0,0.9779,0.9928,0.9979,0.8294
2458,1.0,0.5265,1.0,1.0,0.834
2459,1.0,0.7649,0.9992,0.9999,0.96
2460,0.9989,0.6971,0.9988,0.9999,0.2215
2461,0.9998,0.9829,0.9994,1.0,0.8665
2462,1.0,0.9935,0.9962,0.9998,0.862
2463,0.9994,0.9792,0.9618,0.9351,0.0388
2464,1.0,0.2412,1.0,1.0,0.9867
2465,0.9986,0.4569,0.9973,0.9998,0.9899
2466,0.8783,0.3748,0.1354,0.5348,0.0119
2467,0.9972,0.9616,0.9964,0.9963,0.911
2468,0.9945,0.9632,0.9937,0.997,0.4827
2469,0.9988,0.9514,0.9904,0.9999,0.9807
2470,0.9794,1.0,0.8096,0.6467,0.9962
2471,1.0,0.7951,0.9992,1.0,0.9778
2472,0.989,0.8351,0.9877,0.9948,0.5333
2473,0.9998,0.9804,0.9971,0.9981,0.9776
2474,0.9108,0.0156,0.9978,0.9923,0.9525
2475,1.0,0.9167,1.0,1.0,0.9923
2476,0.9747,0.9408,0.7807,0.9468,0.9221
2477,0.9977,0.8842,0.9476,0.9996,0.8133
2478,0.9999,0.9972,0.9918,0.9976,0.9247
2479,0.9999,0.1548,0.9986,1.0,0.1477
2480,0.9999,0.6059,0.9998,0.9999,0.9944
2481,0.9997,0.964,0.9894,1.0,0.6175
2482,0.9998,0.9226,0.9982,0.9993,0.2479
2483,1.0,0.993,0.9996,0.9999,0.8177
2484,1.0,0.9614,0.9994,1.0,0.7016
2485,1.0,0.9994,0.9978,1.0,0.9474
2486,0.7751,0.9862,0.9697,0.9911,0.1829
2487,1.0,0.9912,0.9999,1.0,0.9097
2488,1.0,0.9682,0.9999,1.0,0.878
2489,1.0,0.5824,0.9998,1.0,0.9956
2490,1.0,0.6031,0.9999,1.0,0.9921
2491,0.7637,0.9491,0.9165,0.9998,0.9841
2492,0.9999,0.6288,0.9997,0.9998,0.9991
2493,0.9881,0.9655,0.9995,1.0,0.4767
2494,1.0,0.9631,1.0,1.0,0.9341
2495,0.9842,0.7197,0.987,0.9953,0.793
2496,0.9966,0.9692,0.8997,0.9999,0.8731
2497,0.9999,0.9858,0.9992,0.9999,0.7507
2498,1.0,0.9517,0.9998,0.9998,0.0556
2499,1.0,0.6899,0.9999,1.0,0.9935
2500,1.0,0.9919,0.9998,1.0,0.99
2501,0.9999,0.9574,0.996,1.0,0.8245
2502,1.0,0.9923,1.0,1.0,0.997
2503,0.9999,0.9965,0.9993,1.0,0.4023
2504,0.9994,0.7938,0.9987,1.0,0.9936
2505,1.0,0.9831,0.9997,1.0,0.9618
2506,1.0,0.9496,1.0,1.0,0.9742
2507,1.0,0.9655,0.9998,0.9999,0.8941
2508,1.0,0.3532,0.9999,1.0,0.2193
2509,0.9992,0.9869,0.8728,0.9838,0.9827
2510,0.9996,0.7641,0.9991,0.9992,0.3107
2511,0.9999,0.9484,0.8815,1.0,0.8381
2512,0.9995,0.2821,0.9974,0.9999,0.7342
2513,1.0,0.9969,1.0,1.0,0.9994
2514,1.0,0.8884,0.9994,1.0,0.6434
2515,1.0,0.9026,0.9997,1.0,0.9995
2516,0.976,0.9702,0.997,1.0,0.0389
2517,0.9987,0.9872,0.9996,0.9879,0.9219
2518,0.182,0.5785,0.028,0.0133,0.7882
2519,1.0,0.797,0.9999,1.0,0.8966
2520,0.9961,0.893,0.9993,0.999,0.6452
2521,0.0147,0.5018,0.0473,0.111,0.9193
2522,0.9947,0.993,0.9998,0.9998,0.9905
2523,0.9998,0.9178,0.9989,0.9997,0.9797
2524,0.9987,0.7787,0.9968,1.0,0.3939
2525,0.9999,0.842,1.0,1.0,1.0
2526,1.0,0.9712,0.9999,1.0,0.9288
2527,0.5168,0.743,0.5733,0.0875,0.074
2528,0.9995,0.7034,0.9974,1.0,0.8909
2529,1.0,0.8673,0.9999,0.9999,0.9822
2530,0.0487,0.9513,0.9698,0.8664,0.4661
2531,1.0,0.9557,1.0,1.0,0.9782
2532,1.0,0.9533,0.9915,0.9971,0.9096
2533,0.0001,0.0682,0.01,0.0236,0.5969
2534,1.0,0.9867,0.9994,0.9996,0.9993
2535,0.0266,0.9905,0.0664,0.7999,0.83
2536,1.0,0.9561,1.0,1.0,0.946
2537,1.0,0.8785,1.0,1.0,0.9157
2538,0.9969,0.9995,0.9996,0.9935,0.9955
2539,0.9835,0.9967,0.97,0.9997,0.9595
2540,0.9936,0.5581,0.9851,0.9998,0.7235
2541,1.0,0.8195,0.999,1.0,0.8238
2542,1.0,0.0324,1.0,1.0,0.9963
2543,1.0,0.9869,1.0,1.0,0.9682
2544,1.0,0.9807,0.9999,1.0,0.9965
2545,0.9997,0.9637,1.0,1.0,0.8849
2546,1.0,0.9926,1.0,1.0,0.794
2547,1.0,0.9026,1.0,1.0,0.9574
2548,0.8944,0.8439,0.9936,0.9797,0.7414
2549,1.0,0.9221,1.0,1.0,0.9757
2550,0.9997,0.9677,0.9948,1.0,0.9897
2551,0.9987,0.6111,0.9999,1.0,0.9984
2552,0.6702,0.5204,0.7205,0.9911,0.0941
2553,0.9992,0.9754,0.9999,1.0,0.9949
2554,0.9661,0.9978,0.9998,0.9999,0.9974
2555,0.9988,0.8493,0.9998,1.0,0.9907
2556,0.1263,0.955,0.1204,0.867,0.7073
2557,0.9996,0.9873,1.0,1.0,0.9824
2558,0.9982,0.9726,0.6623,0.7542,0.9993
2559,1.0,0.1327,0.9993,1.0,0.8456
2560,1.0,0.9712,0.9997,1.0,0.9483
2561,0.9999,0.7859,0.9982,1.0,0.9836
2562,1.0,0.7082,1.0,1.0,0.4856
2563,0.9998,0.9236,0.9999,1.0,0.797
2564,1.0,0.6787,0.9999,1.0,0.5294
2565,1.0,0.8267,1.0,1.0,0.9138
2566,0.9999,0.1646,0.9875,1.0,0.9471
2567,0.9999,0.9621,0.9848,0.9999,0.9768
2568,0.9999,0.9571,1.0,1.0,0.9524
2569,1.0,0.9804,1.0,1.0,0.8267
2570,0.9999,0.6643,1.0,1.0,0.9927
2571,0.9994,0.8601,0.9994,1.0,0.9982
2572,1.0,0.0722,0.9999,1.0,0.2643
2573,0.0,0.9382,0.0005,0.0004,0.9254
2574,0.9983,0.9486,0.9997,1.0,0.7454
2575,1.0,0.5421,0.9999,1.0,0.9988
2576,1.0,0.9834,1.0,1.0,0.9795
2577,0.9997,0.8552,0.9936,0.998,0.5007
2578,0.999,0.952,0.9926,0.9995,0.2345
2579,0.9995,0.8026,0.9999,1.0,0.4796
2580,1.0,0.9743,1.0,1.0,0.9969
2581,0.9996,0.9819,0.9999,1.0,0.9999
2582,1.0,0.0034,1.0,1.0,0.9971
2583,0.001,0.8087,0.0002,0.0,0.7292
2584,1.0,0.6665,1.0,1.0,0.9986
2585,0.9947,0.5073,0.9994,0.9952,0.9891
2586,1.0,0.9701,0.9998,1.0,0.9996
2587,0.9996,0.8986,0.9999,1.0,0.9882
2588,1.0,0.5474,1.0,1.0,0.9619
2589,0.9907,0.9278,0.992,0.9925,0.9853
2590,0.9973,0.9734,0.9985,0.9749,0.7711
2591,0.1451,0.3934,0.0027,0.0029,0.1781
