subject,best_kernels
1,"[[ 4.48067197e-01 -1.00000000e+00  7.11656825e-01  1.00000000e+00
  -6.78261921e-01 -1.00000000e+00  1.36323160e-01 -2.11606932e-01
  -2.25224831e-02 -1.00000000e+00  9.15406238e-01  7.97420085e-01
   7.71485120e-02  1.00000000e+00  3.26600880e-01 -8.94445598e-01
   3.46772602e-01 -7.45494327e-01  8.74671476e-01 -5.63985245e-02
  -1.69217434e-01 -6.49312686e-01  1.00000000e+00 -2.11124675e-01
  -4.10924652e-01 -4.50455174e-01  6.10617148e-01  2.77729442e-01
   4.81899046e-01  3.88627904e-01  7.43859306e-01 -3.73027698e-01
  -5.32171539e-01 -1.00000000e+00  8.83693745e-01  9.12002208e-01
  -1.14656003e-01 -9.19501196e-01 -1.00000000e+00  7.96546674e-01
   7.55279244e-01  5.47197958e-01 -5.43427768e-01  1.90411557e-01
   6.08430971e-02  2.98972946e-01  1.00000000e+00  2.12521369e-01
   4.68112915e-01  6.35581777e-02  2.85487375e-01  6.77296926e-01
  -1.00000000e+00 -2.97718094e-01 -4.56145047e-01 -9.26429687e-01
  -2.47201489e-01  1.00000000e+00 -9.65659715e-01  9.32636545e-01
  -1.00000000e+00 -3.10258082e-01  1.08604000e-01  6.69822964e-01
   7.41673973e-01]
 [ 1.00000000e+00 -3.82256122e-01 -3.33394106e-01  7.75934738e-01
  -1.73516546e-01 -9.36216127e-01 -1.00000000e+00 -9.64574196e-01
   6.72391180e-01  1.35612362e-01  5.15130938e-01 -4.60821915e-01
   1.32624061e-01  6.49281827e-01 -3.30573091e-01  3.25305999e-01
  -9.81739700e-01 -3.48414399e-01 -4.49381633e-01 -1.00000000e+00
   6.12163690e-01 -4.80748072e-01  1.04938211e-02  3.84454360e-01
   5.62110391e-01  7.98625349e-01 -5.16985125e-02 -4.16433831e-01
  -7.39150891e-02 -1.00000000e+00 -8.36890780e-01 -8.75171190e-01
  -7.50031927e-01  3.82935075e-01 -1.00000000e+00 -4.41364768e-01
   1.00000000e+00 -2.64639889e-01  7.61186481e-01 -1.00000000e+00
  -1.98448316e-01 -1.00000000e+00 -2.90193860e-01  5.34837352e-01
  -1.00000000e+00  3.94399476e-01  1.31981657e-01 -7.84956803e-01
  -1.00000000e+00  6.95058228e-02 -4.50853521e-01  2.29278466e-01
   1.70576705e-02  9.88626242e-01 -1.96161514e-01 -1.00000000e+00
   1.50296830e-01  2.52876911e-01  9.55759487e-01  1.00000000e+00
   3.77556955e-01  1.00000000e+00 -1.00000000e+00 -7.16244841e-01
  -1.00000000e+00]
 [-5.17246032e-01 -1.00000000e+00  8.05908642e-01 -2.45983737e-01
  -1.00000000e+00 -1.00000000e+00  4.04369119e-01  5.27643990e-01
   7.01122941e-01  8.15700618e-01  5.74173733e-01 -9.43567698e-01
  -8.46767612e-01  2.15525914e-01 -1.00000000e+00 -4.05561201e-01
  -6.72361055e-01 -1.27535014e-01  9.62522315e-01  1.69348631e-01
  -1.56919125e-01 -8.44680729e-01 -8.38841356e-01 -6.99440623e-01
  -7.84092673e-02  1.00000000e+00  1.63957454e-01  7.96182733e-01
  -7.45889860e-01 -9.80222858e-01 -8.14112655e-01 -5.27021742e-01
   1.00000000e+00 -1.00000000e+00  7.96559785e-01 -9.97713190e-01
   9.40237176e-01  3.27184592e-01 -9.41720580e-02 -2.58438423e-02
  -5.66848642e-01  3.92532886e-01 -4.07501873e-01 -8.72267327e-01
  -9.11624138e-01  2.21119742e-01  1.00000000e+00  1.87776304e-01
  -1.04854622e-01  3.19610932e-01  6.43814868e-01  2.30561638e-01
  -4.89305130e-01  7.44417203e-01  6.15948604e-01  1.00000000e+00
   2.39359966e-01 -9.49034168e-01 -7.30281686e-01  1.00000000e+00
   1.00000000e+00 -2.24528805e-01 -3.76072333e-01  1.00000000e+00
  -1.00000000e+00]
 [-1.00000000e+00  7.07516512e-01 -2.70030680e-01 -3.99278404e-03
  -1.66746545e-01  3.74589851e-01  1.00000000e+00  8.75845866e-02
   5.64093252e-01 -1.00000000e+00 -5.61101881e-02 -1.00000000e+00
  -8.97909580e-01 -9.21864888e-01 -4.79119104e-01  9.75500016e-01
  -8.01159556e-01  3.71771013e-02 -4.18019982e-01 -3.43029439e-01
   8.31245401e-01  4.62365707e-01  1.00000000e+00 -1.45708590e-01
  -5.83153656e-01 -1.80547144e-01  2.45095865e-01  1.35836460e-01
  -1.00000000e+00  9.52210539e-02  2.26738079e-01  8.84595198e-01
   1.00000000e+00 -1.00000000e+00 -3.38749834e-01 -9.37803220e-01
  -7.06536956e-01  3.48462227e-01  1.00000000e+00 -1.00000000e+00
  -8.02879163e-01 -7.12877566e-01 -2.05099296e-01 -1.00000000e+00
  -7.95464102e-01 -9.94186776e-01 -9.45053653e-02 -1.00000000e+00
  -7.57527660e-01  4.66237977e-01 -9.20932452e-01 -6.88182551e-01
   7.74783452e-01  9.24153068e-01 -1.00000000e+00 -4.61519071e-01
   3.37724799e-01  1.00000000e+00 -6.33075952e-01 -2.71928740e-01
   1.00000000e+00  4.71259867e-01 -2.60021635e-01 -1.38608452e-01
  -9.73827900e-01]
 [-2.28984160e-01 -1.01000840e-01  2.81593007e-01 -6.97290750e-01
   6.09908348e-01  9.27742450e-01  1.43087024e-01  4.40566746e-01
   5.35299587e-02  1.43787491e-04 -8.15290813e-01  3.55668653e-01
  -8.97963680e-02  6.13189887e-01  1.00000000e+00  3.30720780e-01
  -1.00000000e+00 -1.00000000e+00  1.00000000e+00  2.35817910e-01
   6.07641018e-01 -1.00000000e+00  9.18733792e-01  4.33463120e-01
  -1.00000000e+00 -4.82446197e-01  2.19426105e-01  6.02277605e-02
  -3.02348679e-01 -1.44450485e-01 -3.64874644e-01  1.55290852e-01
   9.55873076e-01 -1.00000000e+00 -2.47013390e-01  1.89139262e-01
   3.69320055e-01 -4.83582196e-01 -1.00000000e+00  2.70377504e-01
   1.00000000e+00 -7.51385412e-01  9.13862000e-01 -5.20196138e-01
  -8.27036905e-02 -1.00000000e+00 -3.92751710e-01  9.18445251e-01
   6.49129439e-01  9.37744609e-01  1.00000000e+00  4.09037171e-01
   8.27796075e-01  5.18117895e-01  6.62547231e-01 -2.86817439e-01
   6.81570156e-02 -8.10071988e-01  1.00000000e+00 -1.00000000e+00
   1.00000000e+00 -2.04838393e-01  7.44981255e-01  8.67085986e-01
   7.85075047e-01]
 [ 7.04819569e-01 -9.20712898e-01 -5.96271468e-02 -1.00000000e+00
  -4.54618717e-01  1.00000000e+00  9.15998976e-01 -7.05387346e-01
  -7.27724823e-01  2.00386631e-02 -1.00000000e+00 -8.84294617e-01
   3.36057886e-01  8.85882235e-01  6.53725359e-01 -6.24131798e-01
   3.08867002e-01  7.84105877e-02  4.23143823e-01  1.00000000e+00
  -9.98798476e-01 -5.95864969e-01  8.06582716e-01 -6.71017276e-01
   1.00000000e+00  4.37789501e-01  7.54915774e-01 -6.40952181e-01
   1.00000000e+00  1.00000000e+00  2.51564151e-01  2.86127310e-01
   3.09888798e-01 -7.60300193e-01 -1.41652893e-01 -1.66748901e-01
   4.36193476e-01  4.14763606e-01 -9.23538150e-01 -2.19955019e-01
   6.55826300e-01 -7.69461707e-01 -8.57644997e-01  1.59860306e-01
   8.38303015e-01  1.47139393e-02  9.03339728e-01  1.00000000e+00
   9.73511723e-01  6.59176057e-01  1.00000000e+00 -2.05930859e-01
  -1.00000000e+00  9.78087552e-01 -4.98214313e-01  7.91436812e-02
   9.48910624e-01 -1.00000000e+00 -8.15406798e-01 -9.93088048e-01
  -9.62688345e-01  4.63544165e-01  5.99026417e-01  3.24325759e-01
  -1.00000000e+00]
 [-1.00000000e+00  6.66163764e-02 -5.53357876e-01  3.55998164e-01
   8.62905666e-01  1.53766893e-01  6.01994564e-01  2.48280414e-01
   6.65836299e-01 -7.36552883e-01 -1.60883868e-01  1.45499688e-01
   1.00000000e+00 -4.46030617e-01  5.14858465e-01 -2.28905251e-01
  -8.36749921e-02  1.00000000e+00 -7.37434350e-01 -1.00000000e+00
  -9.29562181e-01 -8.46866337e-01 -7.44243361e-01  8.75582728e-01
  -2.48997970e-01  2.01177934e-01  8.54362221e-01  9.17230196e-01
  -6.05028529e-02  1.00000000e+00  9.92777496e-02 -8.38495243e-01
  -7.07851106e-01 -8.48978094e-01 -9.24345559e-01 -4.73716347e-01
   1.00000000e+00  9.00001839e-01 -1.00000000e+00  3.31857003e-01
  -1.00000000e+00  5.20029137e-01 -1.40536364e-01 -1.00000000e+00
   1.00000000e+00 -6.25942977e-01 -5.48152920e-01 -9.18157719e-01
  -6.42455463e-01  2.66103630e-01 -2.08693275e-01  1.95540486e-01
   3.87082429e-01  9.99074801e-01 -2.86832265e-01 -7.62830750e-01
   1.00000000e+00 -3.85033796e-01  1.00000000e+00  3.65570090e-01
  -1.33294700e-01  4.42322206e-01  8.88613691e-01  1.00000000e+00
   7.92026270e-02]
 [ 1.32329185e-01  1.00000000e+00 -8.42399441e-01  3.58944896e-01
  -2.98088110e-02  2.73546736e-01 -1.00000000e+00 -8.91644497e-01
  -1.00000000e+00 -9.12629297e-01 -6.18917039e-01 -3.19891594e-01
   1.00000000e+00  1.00000000e+00 -1.00000000e+00  4.76672375e-01
  -4.22839527e-01 -2.73095175e-01  1.94826777e-01  7.50230729e-01
  -3.69751953e-01  1.00000000e+00 -1.00000000e+00  7.93040886e-03
   8.71320612e-01  2.27961300e-01  7.85930287e-01  1.00749547e-01
   8.27212181e-01 -5.77581409e-02 -1.81380147e-01 -1.00000000e+00
   4.41532465e-01 -1.00000000e+00  6.10593102e-01  1.00000000e+00
   4.92307298e-01 -1.31162573e-01  4.32825406e-01 -2.31305348e-01
   1.00000000e+00 -1.00000000e+00 -3.23928814e-01 -9.87635348e-01
  -9.77954098e-01  9.18456328e-01  7.20799077e-01 -1.00000000e+00
  -8.69547733e-01 -1.00000000e+00 -6.67728815e-01  1.00000000e+00
   5.42457969e-01 -5.93882154e-01  4.37339164e-01 -7.55110679e-01
  -2.13330868e-01  1.10472572e-01 -6.96845954e-02  1.00000000e+00
   4.47254211e-01  8.42248195e-01 -6.82765096e-01  1.00000000e+00
   7.80862903e-01]
 [-8.60066375e-01 -1.00000000e+00  8.41319384e-01 -1.45299445e-01
   1.00000000e+00 -3.35142905e-01  9.45746932e-01  1.02674802e-01
   2.55954870e-01  1.00000000e+00 -3.78069850e-01 -7.73605286e-01
  -5.18963906e-01  5.22784867e-01 -1.00000000e+00  7.75710966e-01
  -5.90598606e-01  8.50263122e-01 -1.00000000e+00 -9.34512465e-01
  -1.00000000e+00 -6.16066858e-01  2.52309143e-01 -1.92823712e-01
  -3.74327926e-01 -1.91834890e-01  1.98533494e-01 -1.00000000e+00
   1.00000000e+00  7.18633612e-01  5.16422995e-01  6.19956899e-01
   3.13226638e-01  9.82267449e-01 -8.76753472e-02 -2.11733463e-01
  -1.00000000e+00 -1.00000000e+00 -1.00000000e+00 -9.97098798e-01
  -6.10674219e-02  3.86570705e-01  4.71604145e-02 -6.96169350e-01
   1.00000000e+00  8.71315612e-01 -1.31609141e-01 -6.91113599e-01
   5.34993136e-01  2.20152875e-01 -9.77910684e-01 -6.82105651e-02
   3.53597436e-01 -1.00000000e+00  1.39651195e-01 -1.00000000e+00
   9.27457258e-01  9.49155035e-01 -3.41955918e-01  3.09978280e-01
  -1.00000000e+00 -5.09255179e-01 -1.96923690e-01 -1.00000000e+00
   7.49734184e-01]]"
2,"[[ 1.23528087e-01 -2.14171853e-01  6.57532886e-02  3.51755296e-02
  -1.67886306e-01 -6.31858284e-03  1.23095256e-02 -2.18133784e-02
   2.22857698e-03 -1.17627570e-01  6.70705501e-02  4.44869417e-01
   3.14155383e-04  2.69560202e-01  1.31875860e-01 -3.33355378e-02
  -2.02448403e-03 -1.18560353e-02  5.34105932e-02 -9.52409791e-04
  -4.60126067e-03 -2.08032510e-01  1.98871084e-02 -3.11025990e-02
  -1.14116729e-02 -5.20326596e-01  3.36156814e-04  2.30008827e-02
   7.92290608e-02  1.05885257e-02  6.01542699e-01 -2.25530700e-03
  -5.12225769e-02 -1.04456474e-01  2.03606858e-01  1.88821702e-02
  -5.60460321e-03 -1.52794251e-02 -4.90619940e-02  2.09444080e-03
   1.22864222e-03  1.57018946e-02 -1.88205656e-02  1.23887768e-01
  -7.01717322e-04  1.36370885e-01  1.58174404e-03  8.69748513e-03
   1.19014123e-02 -2.88291421e-04  3.16997846e-04  7.01663055e-02
  -8.17928294e-01 -6.80695575e-02 -1.19903730e-01 -3.87286959e-01
  -1.33126749e-03  4.59102108e-02 -9.38214037e-02  1.79918658e-01
  -4.47584408e-01 -7.46496067e-02  2.41101175e-02  4.66514039e-02
   1.38508455e-03]
 [-7.52649042e-04  1.31458783e-03 -5.08591930e-02  2.01421398e-02
  -5.56412775e-03 -6.06016900e-02 -5.23027582e-01 -2.15276474e-02
   5.95663320e-02  2.00874904e-04  1.11934076e-01 -3.47230311e-01
   3.28608502e-03  1.15396771e-02 -6.05577626e-02  1.68934071e-02
  -7.71229947e-02 -8.20353175e-04 -1.44169276e-01 -2.62813493e-02
   7.42024851e-03 -3.09341730e-01  8.27637155e-03  1.28681227e-02
   3.35891185e-01  5.43341759e-03 -3.41332941e-02 -4.29852676e-02
  -9.60821527e-02 -9.54988774e-03 -5.98430756e-02 -1.74464096e-03
  -1.83296304e-01  2.23402613e-02 -4.91399717e-01 -8.15832882e-02
   2.94230133e-02 -3.77613207e-03  6.33675931e-03 -1.92289595e-01
  -2.80605171e-01  7.56450059e-04 -2.17273179e-04  4.67163475e-02
  -1.26933166e-02  3.43548983e-01  5.09979902e-02 -3.44150094e-01
  -3.97472662e-02  6.19597665e-05 -6.04227128e-02  1.00953258e-01
   1.89957409e-03  6.48551232e-01 -1.81872727e-01 -3.00094776e-02
   4.65650449e-03  2.59404768e-01  1.52983427e-01  1.71725668e-02
   1.07289962e-01  6.53855829e-02 -4.42033511e-03 -1.38620677e-02
  -2.25007566e-01]
 [-9.15477939e-03 -2.04940130e-02  2.84732239e-03 -2.10580955e-02
  -1.29169264e-02 -3.95728698e-02  5.27462411e-03  4.73134110e-04
   1.47119972e-02  9.93391193e-02  7.23731352e-01 -7.81215350e-02
  -2.30230396e-02  2.44077265e-02 -3.31795943e-01 -8.08343526e-02
  -2.85553352e-01 -8.82381958e-02  2.58671822e-01  1.57013064e-01
  -3.55318049e-02 -9.22622437e-01 -2.08595380e-03 -6.95375503e-01
  -3.40994949e-01  3.85188402e-03  3.03255417e-02  9.30242074e-03
  -7.06770602e-02 -2.05845093e-02 -8.61647534e-02 -6.41406309e-02
   6.44169104e-02 -8.87905316e-03  4.60919435e-01 -9.91217628e-03
   5.93994327e-01  5.46943977e-03 -1.04123796e-02 -2.03327130e-04
  -8.80696356e-02  1.76883832e-02 -2.16582481e-01 -5.20759846e-01
  -3.88623284e-01  2.46074920e-02  7.59766449e-02  1.61400897e-01
  -5.38246385e-02  2.15813710e-03  8.14259083e-02  2.67849482e-03
  -2.03027650e-02  1.68268191e-01  1.68693741e-01  3.64552648e-01
   6.83557085e-02 -8.48984821e-02 -1.45436897e-01  5.66433420e-04
   7.47837997e-03 -1.19000078e-01 -2.05507607e-01  6.64944023e-03
  -4.72028850e-02]
 [ 5.02396220e-04  1.07101164e-02 -2.01167563e-03 -2.84988869e-03
  -8.24966890e-01  8.12761861e-03  3.81840492e-03  5.11759941e-04
   2.80878462e-02 -6.26385048e-03 -4.71854042e-02 -3.75489911e-02
  -2.13088274e-01 -3.77589228e-01 -1.57756181e-03  1.98909788e-02
  -2.53109298e-01  2.33132273e-04 -3.62222560e-02 -1.28082385e-02
   1.20526577e-02  7.00296851e-02  2.21507190e-02 -8.12462933e-02
  -2.76246593e-02 -6.21927727e-02  1.40266826e-05  2.72632082e-03
  -4.70323530e-02  2.96550425e-02  3.88140380e-01  4.48687316e-04
   5.53209817e-02 -6.17376104e-02 -1.34677283e-02 -5.16372792e-03
  -3.95400554e-03  2.96947944e-02  3.91301986e-02 -5.29752008e-02
  -6.87180595e-02 -4.65163325e-02 -2.14575964e-02 -1.81930684e-02
  -4.95958533e-02 -9.17150792e-01 -1.19447068e-02 -6.01466694e-01
  -2.27644828e-03  7.47520986e-02 -4.09324429e-02 -4.93383979e-02
   1.62621425e-01  7.96987720e-03 -1.77252622e-01 -1.70174344e-02
   2.85531677e-02  3.16546739e-03 -3.64462144e-02 -2.08763695e-01
   1.31097965e-01  1.15334546e-03 -1.05490503e-02 -8.41690284e-02
  -9.58622691e-04]
 [-7.17417749e-05 -3.15599927e-03  3.53019678e-03 -2.71954419e-03
   3.34945375e-02  2.81403996e-02 -2.52375772e-04  2.91695745e-01
   2.98563247e-03  4.10957087e-03 -2.04319082e-02  1.88303328e-01
   1.93898159e-04  7.87634019e-02  6.89837432e-02  9.26223433e-03
  -1.37421280e-02 -2.96254288e-02  5.81522650e-02  1.19253091e-01
   5.53616166e-01 -2.04359981e-03  1.27120798e-01  3.34394643e-04
  -1.54545015e-01 -1.17992113e-04  3.02707558e-01  6.86470122e-01
  -7.58839856e-02 -6.85778974e-01 -3.68326835e-03  6.45058417e-02
   7.63446313e-02 -3.97708740e-04 -9.16832156e-03 -6.72104541e-06
   1.51583125e-02 -2.56007763e-01 -7.23908215e-03  3.55313422e-01
   2.12158629e-01 -3.44714038e-02  1.76249330e-02 -2.64861961e-02
  -1.94426384e-03 -2.39793955e-01 -3.96922284e-01  1.75246205e-01
   8.47977059e-01  6.23869439e-02  1.00575402e-01  1.12631398e-05
   5.19926559e-01  4.69712425e-02  5.66402566e-03 -1.15998745e-02
   1.77091487e-03 -7.41773755e-01  1.33337369e-01 -1.78159585e-03
   2.07857219e-02 -6.54720743e-02  1.37451165e-01  2.31560502e-03
   5.63192924e-03]
 [ 1.57931642e-01 -6.56047324e-01 -3.36054041e-02 -1.03530770e-01
  -5.99397624e-03  1.15298866e-01  2.22223952e-01 -3.34476094e-01
  -8.59948596e-03 -1.53182263e-03 -1.63355320e-02 -1.90030277e-03
   4.00200303e-01  5.17950096e-01  2.25602122e-02 -5.92845722e-01
  -8.95449514e-04  2.84632047e-04  7.69062049e-02  1.12700168e-01
  -6.65682203e-02  7.16809037e-04  1.50363221e-02 -1.79137418e-01
   1.66277927e-01  7.20422441e-01  4.13924729e-02  2.81556973e-04
   3.45374796e-02  4.90180564e-01  4.50005750e-01  2.19766177e-01
   1.51495546e-04 -8.00781480e-02 -1.22861415e-01 -2.29450614e-02
   7.60917481e-02 -4.21826575e-04 -6.53915348e-03 -2.85130084e-03
   1.56513295e-01 -4.40524650e-02 -2.83919731e-01  5.92049168e-01
   6.42386329e-02  7.43150083e-04  5.45697320e-03  1.02328836e-02
   6.95223179e-02  5.75880102e-02  2.23797176e-02 -1.53131300e-02
  -8.82631724e-02  3.55150015e-01 -1.14813414e-01  1.16233594e-01
   2.97480374e-02 -3.36895998e-02 -3.34921199e-01 -1.40737551e-02
  -9.10749335e-04  2.72863991e-02  1.03077976e-01  4.01549007e-02
  -2.12622070e-01]
 [-4.09849323e-02 -4.25190431e-04 -1.56731188e-04  3.79666333e-03
   2.10517324e-01  1.26093696e-02  2.60066335e-01  1.33948697e-02
   9.59337364e-03 -2.01401950e-01 -1.14353018e-03  8.07040396e-03
   3.48708003e-02 -5.93399740e-02  5.76624323e-01 -1.30406707e-02
  -2.28504350e-04  4.63100560e-01 -3.39881193e-03 -8.19273629e-01
  -5.18606910e-02 -4.30088567e-01 -1.30727238e-01  7.19797053e-02
  -1.41050479e-02  2.12916148e-02  2.11474218e-01  1.42008860e-02
  -1.14445808e-02  2.92744957e-01  9.53665523e-02 -1.75809192e-02
  -3.16429766e-03 -2.17661294e-02 -1.76168147e-01 -6.51721977e-03
  -2.99431708e-03  2.23112034e-01 -1.11818705e-02  4.86466193e-03
  -6.25093516e-03  2.23956102e-01 -8.18119484e-03 -8.53927321e-03
   8.33736588e-03 -8.11674221e-01 -1.77485191e-01 -1.01437726e-01
  -7.21524866e-02  3.47135788e-02 -4.57106985e-02  4.01522586e-01
   9.66381889e-02  3.28112981e-02 -7.96755653e-02 -6.31928300e-01
   4.55585806e-03 -1.49573754e-02  8.60772026e-01  7.52175417e-02
  -1.57729746e-04  1.08708682e-01  9.13486006e-03  5.76191514e-01
   1.33127936e-04]
 [ 5.82610899e-02  1.06193084e-01 -4.65416845e-02  1.99064253e-03
  -1.12209124e-01  4.59620986e-03 -2.18315369e-01 -4.32256291e-01
  -7.75051653e-03 -6.49074907e-03 -9.13845804e-03 -6.58698755e-02
   6.48469394e-01  1.44075111e-02 -1.27254473e-01  7.74801385e-01
  -8.94369335e-01 -5.33101909e-01 -6.27788445e-04  8.82685481e-03
  -9.07285176e-03  5.71116532e-02 -6.12270558e-02  4.18888991e-04
   2.85948681e-02  5.71779842e-03  4.14526126e-01  2.79298738e-03
   1.52626300e-01  6.87320867e-06  4.64405148e-03 -1.74424710e-02
   1.77766016e-02 -1.00000000e+00  2.75527587e-01  1.38065268e-02
   1.04977834e-01 -4.95758875e-03  5.88009932e-01 -7.29874083e-01
   5.55334878e-02 -2.10377348e-01 -9.49987726e-02 -1.04137005e-02
  -8.94219959e-04  1.69713203e-01  6.49041672e-04 -2.06784544e-02
  -2.37523769e-01 -4.83657085e-02 -4.67703660e-02  1.87162909e-01
  -2.83802143e-04 -9.03126058e-03  8.78884968e-03 -7.49332758e-03
  -4.29874633e-03  1.95249219e-03 -3.64273763e-03  1.48931027e-02
   1.14097433e-01  1.34527077e-01 -5.07442544e-01 -5.69316100e-05
   4.69620075e-03]
 [-2.50318158e-01 -4.63307940e-03  1.22797265e-01  2.14860139e-03
   1.97501859e-02 -4.62119391e-01  4.49427383e-02  5.87472473e-01
   9.27193767e-03  4.74286796e-01 -2.64613621e-03  4.99780797e-04
  -2.24938171e-03  6.16339423e-03 -4.73530147e-02  6.51708046e-01
  -1.87926968e-01  3.03674053e-02 -1.71006817e-02 -7.95849729e-03
  -1.00000000e+00 -3.49514610e-01  1.23443002e-03 -7.31419733e-03
  -3.39459946e-01 -1.76737880e-02  2.05707992e-02 -7.67921446e-02
   1.10202263e-03  8.18646699e-02  7.62318985e-01  3.65272194e-02
   5.90852950e-01  1.83611374e-01 -3.36497371e-02  6.59583084e-04
  -7.31840621e-03 -2.10916898e-02 -1.94644496e-02 -2.09120476e-02
  -1.07710506e-02 -7.25777538e-03  5.43689130e-03 -6.66921981e-02
   1.66007126e-02  6.46348588e-02  1.70835336e-03 -1.28412417e-01
   1.76796102e-01  1.44603260e-01 -1.16079922e-02 -2.97041817e-02
   7.84083112e-02 -9.07359843e-01  1.49084732e-03 -1.46669354e-02
   2.24906389e-01  8.48758684e-03 -6.95351184e-03 -1.68176443e-04
  -4.53511106e-01 -5.32092035e-01  2.23021754e-05 -1.17802461e-01
   8.33648793e-04]]"
3,"[[ 3.04337665e-03 -2.14323069e-02  2.80186674e-02  1.15457947e-03
  -3.86611557e-01 -3.40282983e-01 -4.14148350e-03  3.07286308e-07
  -1.22374220e-03 -1.11405381e-01  4.85931298e-02  3.04680304e-04
   7.42161956e-02 -1.62000452e-03  7.09965454e-01 -1.41820574e-03
  -1.68629864e-04 -2.83135788e-04  2.69272564e-02 -3.27134417e-02
  -8.47543874e-04 -5.86954796e-01  5.79671208e-02 -4.41809095e-01
  -2.29758387e-01 -4.75370854e-02  1.77149525e-01  1.67007103e-02
   4.20317345e-04  3.30586890e-03  4.48747316e-01  1.33184326e-03
  -2.53957815e-02 -7.78516062e-01  9.38555111e-01  7.94109532e-01
  -5.11962174e-03 -2.32208720e-02 -8.41370766e-01  3.36885374e-02
   1.50765558e-02  1.76875135e-03 -2.73862745e-03  1.69821778e-04
   4.68984739e-03 -2.71288971e-03  6.34070865e-02 -5.04812373e-03
   6.92234155e-03  4.91342602e-03  8.34328783e-03  2.93502843e-04
  -1.75402373e-01 -3.70915333e-03 -7.30375570e-01 -2.59697832e-01
  -8.50342120e-03  6.08580139e-04 -4.75451998e-04  4.15062115e-02
  -6.35405099e-02 -6.92080806e-01  1.02282054e-04  1.58570154e-03
   2.54186501e-02]
 [ 6.45979681e-04 -1.20661209e-03 -4.05391772e-02  3.39866519e-02
  -4.61067780e-03 -3.19647284e-02 -7.57604897e-02 -1.74351737e-03
   4.08988349e-03 -1.02460118e-03 -3.58057822e-03 -6.23055761e-02
   3.65604914e-04  3.48724756e-02 -2.08379193e-01  1.61855540e-03
  -3.35990324e-02 -8.13466092e-03 -4.32688672e-02  4.42072088e-04
   3.49007673e-01 -1.38409084e-01 -3.89685414e-04  5.71113067e-04
   9.72660474e-02  6.57565806e-04 -8.95753794e-03 -1.48833890e-02
  -1.63634177e-02  5.04851065e-05 -1.40097025e-03  6.38380558e-04
  -2.20959284e-01 -1.96356139e-04 -2.52647643e-02 -2.21315310e-03
   1.84633208e-02 -1.52634329e-02  1.31379265e-02 -1.60653933e-02
  -8.65046579e-02 -3.48349954e-02 -2.40917270e-02  2.00453962e-01
  -8.27317015e-04  1.09854060e-01 -2.08775618e-03 -2.19207490e-03
  -9.01157284e-02  1.83435185e-03 -2.94674936e-01  3.16852615e-01
   1.43467694e-02  1.94270460e-02 -4.71067847e-02 -8.87728758e-03
   8.82154248e-02  9.98447249e-03  3.10324750e-01  9.37236559e-01
   4.44688964e-01  1.85731205e-02 -1.79718924e-03 -2.73405380e-01
  -9.36858018e-03]
 [ 4.66991691e-04 -2.51353083e-02  1.64809362e-04 -2.24496296e-03
  -1.29387284e-03 -2.58517407e-04 -2.56819239e-03  8.99930190e-02
   1.61910560e-03  1.42253012e-01  2.09000257e-02 -1.15980259e-01
  -1.80138180e-02  8.01364134e-03 -1.22954103e-02 -3.74233303e-01
  -4.42772401e-02 -1.16727149e-02  1.86412636e-01  1.45843184e-04
   1.56561945e-04 -7.74534694e-03 -4.11944590e-02 -9.53893488e-03
  -1.23303078e-01  9.77098860e-02 -4.34276796e-06  2.03536403e-03
  -3.86076792e-01 -3.17121271e-02 -2.54664431e-04 -4.69778762e-02
   3.72112457e-02 -2.12923921e-02  8.13781675e-04  1.44007595e-03
   7.45616012e-03  4.13859891e-03 -5.10056075e-02 -6.58532913e-03
  -9.64074512e-05  2.60389725e-04 -1.34614669e-01 -3.80027288e-03
  -6.58869173e-03  2.48297575e-03  7.17511060e-03  4.58840884e-03
   9.34314552e-05  2.97071638e-03  2.21895820e-03 -1.21443219e-03
  -1.01091720e-02  5.63622467e-01  1.37247478e-03  1.53658329e-01
   9.53395305e-02 -2.50873404e-02 -9.12596470e-03  2.38312023e-01
  -1.84254339e-03 -6.50628956e-02 -1.01749089e-03  3.99384322e-01
  -4.00527671e-02]
 [-5.60498659e-02  1.82267188e-02 -1.01156324e-02 -8.32139762e-03
  -4.85177079e-05  3.05894043e-04  7.80273331e-01  2.58775812e-03
   3.43955405e-04 -2.50899359e-01 -2.09402102e-03 -2.66853832e-03
  -1.80129743e-01 -6.69484657e-03 -6.34496719e-03  1.48876502e-02
  -5.27534797e-02 -1.42786975e-02 -6.85955933e-01 -8.03854568e-01
   2.10127231e-02  1.47623488e-02  9.84755055e-03 -4.96555331e-02
   4.13283348e-04  1.45242123e-03 -4.04102665e-03  6.18120495e-01
  -3.69155850e-02 -1.48598285e-03 -6.15264197e-04 -5.89230684e-03
   9.65891424e-03 -2.89619415e-05 -8.67773824e-04 -2.00640379e-02
  -3.95858097e-03  5.39009516e-02  8.17893210e-04 -4.13569171e-03
  -2.69226405e-04 -3.15045382e-03 -5.50970742e-05 -3.13014403e-02
  -4.05427197e-01 -9.44971889e-04  7.11397018e-05 -2.50798407e-01
  -1.94185091e-01  5.00075753e-03 -1.72820079e-03 -3.65269595e-03
   8.55176527e-04  8.65222792e-02 -3.06923738e-01 -8.19643499e-02
   4.46515110e-01  2.19521228e-02 -7.12349986e-03 -3.97769429e-02
   1.97200354e-03  1.34513551e-02  4.86422111e-04 -2.62854803e-01
  -1.83890113e-03]
 [-3.63048677e-04  3.65963921e-03  8.51473116e-04 -2.62612257e-03
  -1.28037741e-03  2.51704807e-03  5.47647597e-03  2.04014331e-02
  -1.14819337e-02  1.46763593e-04 -2.42098321e-03  3.95249960e-03
  -1.22940302e-02  2.70772430e-03  1.68229898e-01  4.56075672e-02
  -4.94469877e-02 -1.22528943e-02  6.47383350e-02  1.42175143e-01
   1.08348298e-02 -9.19471862e-02  1.30412399e-01  2.18120672e-01
  -5.66353097e-03  3.19074041e-03  8.56952104e-03  2.09779661e-02
   5.64848123e-04 -1.66786839e-04 -2.71227338e-03  2.50081265e-03
   5.24411465e-04 -8.72291905e-01 -5.24701903e-03  1.20450368e-01
   1.09128222e-02 -1.45992455e-02 -1.93137147e-01  1.74402241e-02
   5.31024106e-04 -2.46119497e-03 -3.70471033e-04 -3.72896845e-04
  -2.70080144e-03  1.67957615e-03 -1.99647786e-02  1.00637318e-02
   3.23671368e-02  1.32357227e-01  1.88571443e-02  7.54411019e-02
   4.80667672e-03  3.71031893e-02  2.20113161e-02 -4.66540764e-03
  -1.30381848e-03  4.54661586e-04  5.09388973e-01 -4.27866373e-02
   8.95889580e-01 -6.00459431e-04  3.63108033e-02  9.17326054e-04
   2.44692796e-03]
 [ 7.40056925e-02 -6.83579886e-04 -3.88547349e-04 -5.39594669e-01
  -3.71941871e-02  2.05484103e-01  2.23892310e-01 -1.23167885e-01
  -7.86825792e-03 -5.88441791e-04  3.74780452e-04 -4.46009337e-04
   8.83506565e-01  2.18168035e-01  1.96936940e-01 -2.96048609e-02
   7.81317459e-03  5.29057289e-03  1.67526459e-02  1.68558655e-02
  -3.58997723e-01 -5.64613871e-02  2.15453082e-01 -2.29637663e-03
   1.24185863e-02  8.62721139e-01  3.99598563e-01 -1.17265123e-03
   3.20919711e-02  3.20118836e-02  1.11001090e-01  7.04272823e-03
   5.51844362e-01  2.80668810e-04 -7.60879734e-02 -4.18999312e-02
   1.02098332e-03  9.77663394e-03 -5.89861700e-04 -1.19500783e-02
   6.34631146e-01 -3.38404100e-03 -2.50963381e-04  1.18383680e-02
   2.07862950e-04  4.12585413e-05  6.64803376e-04  7.90945054e-02
  -2.87692540e-04  1.57301845e-03  2.79374119e-02 -9.89480242e-05
  -4.80147175e-03  1.58857609e-03 -7.80107875e-02  8.21297895e-04
   8.22022914e-02 -4.74369018e-03 -1.59710143e-01 -3.35553244e-03
   1.52700589e-04  4.17390399e-02  1.10785914e-02  8.25646332e-03
   5.00152239e-04]
 [-9.71797540e-02  6.20463308e-03 -3.91330590e-01  7.18573886e-04
  -6.01877343e-03  1.78443442e-03  1.44232436e-02  7.80242733e-03
   1.25782672e-02 -1.16596318e-01 -4.06658787e-02  2.76312316e-03
   2.14058761e-02 -1.81876152e-02  6.84249072e-03  5.57939186e-05
  -1.27441287e-03  2.78856413e-01 -1.66782126e-02 -4.21596790e-01
  -1.07658240e-01  1.63056270e-03 -1.28759214e-01  8.38531119e-01
  -4.10513664e-04  1.93329662e-03  3.95464466e-03  3.46542570e-03
   2.26646839e-04 -3.74293716e-04  8.05880297e-04 -3.78402303e-03
  -2.57013614e-03 -1.61395360e-02 -1.12766572e-02 -9.71492009e-03
   6.91557666e-02  4.04399252e-03 -1.02402754e-02  4.17462106e-02
  -3.05371961e-02  8.70125797e-01 -3.62827238e-01 -1.74891065e-01
   1.50256233e-01 -2.36791241e-02 -3.07704188e-02 -9.51531020e-02
  -7.12433631e-03  9.55168406e-04 -2.05655575e-04  5.47287461e-02
   6.11814143e-01  2.50038609e-02  4.84007298e-03 -1.88649988e-01
   1.75443274e-01 -6.09456283e-02  1.67522144e-03  9.35969623e-02
  -4.41374453e-03  6.26407364e-02  3.85162365e-02  1.41735248e-01
   1.39011635e-02]
 [ 1.19175791e-03  9.12433161e-03 -1.47043359e-03  1.14329733e-02
  -3.16478261e-04 -3.06404919e-04 -2.12504377e-02 -6.82741320e-01
  -1.11556574e-03 -2.06269094e-02 -1.45793314e-03 -1.74926682e-03
   1.03375877e-03  2.03147621e-01 -2.72411029e-02  3.53817540e-03
  -3.22314721e-03 -5.31766643e-02  3.04396109e-02  9.27612894e-03
  -8.23900873e-03  2.13756552e-01 -9.85375173e-02 -1.82699594e-03
   3.13335658e-03  2.94108314e-03  3.85285914e-01  5.40361147e-04
   1.40267590e-01 -6.13476643e-05 -2.19685977e-02 -1.92907630e-03
   4.65779071e-06  3.22561511e-03  2.99442504e-01  7.85743734e-02
   1.05558770e-01 -3.15773938e-05 -1.54533910e-03 -2.20555609e-02
   1.44771879e-03 -6.44904097e-02 -1.02575860e-01 -4.43969680e-02
  -9.53887247e-02 -5.39630967e-04  2.38034150e-03 -2.10754509e-04
  -4.77434597e-02 -7.70926487e-03 -7.03130349e-01  4.23122405e-02
   1.67027771e-03 -1.89259711e-02 -2.91942499e-04 -1.24540695e-01
  -1.46452466e-03  1.25717751e-01 -8.76444734e-02  3.47150707e-01
  -5.54101272e-04  2.22729643e-03 -1.58228684e-01 -3.46555766e-04
   2.81568737e-02]
 [-3.49091434e-02 -2.81204243e-02  3.49667929e-03  9.21378248e-04
   1.66885179e-01 -3.04987486e-03  2.41887169e-03 -8.86829318e-04
   6.54225222e-03  2.92797276e-02 -1.02131306e-02 -2.01064089e-05
  -5.06063218e-04  1.20212595e-01 -3.95127018e-02  5.13989479e-02
  -1.27866113e-03  3.02752180e-01 -1.80436206e-02 -4.72884673e-03
  -1.27172948e-01  2.01165061e-03  9.81035933e-05 -1.65968597e-04
  -4.14515639e-04 -1.18020794e-01  1.31125274e-03 -2.31702208e-01
   2.59352322e-02 -1.12616605e-03  1.29715278e-03  4.32643034e-02
   6.48171839e-02  3.99109633e-03  9.24901623e-06 -9.27371643e-04
  -9.26138965e-04 -1.86086565e-04 -1.00751755e-03 -1.19210963e-03
  -1.44565747e-02  3.67161211e-03  4.28529107e-03 -1.33671369e-02
   8.34957911e-03  1.65807005e-01 -1.94545686e-01 -4.40609863e-02
   9.42573768e-04  2.96771990e-02 -3.41664240e-03 -8.95915780e-04
   6.13170588e-03 -1.18057552e-01 -4.94107894e-04 -2.00498393e-02
   2.46973781e-01  3.91619285e-02 -4.05180761e-02  1.21889754e-01
  -9.90384770e-02 -1.58700561e-01 -4.19276409e-02 -3.26910973e-02
   1.15395326e-02]]"
4,"[[ 7.03939051e-03 -2.13247118e-01  5.49704955e-02  1.39451464e-01
  -1.31816953e-01 -1.03194987e-01  3.11557065e-02 -4.03830160e-03
  -1.71155324e-03 -5.41243532e-02  7.73594216e-01  1.28292809e-02
  -3.82816459e-04  5.03340152e-01  6.41113141e-02 -1.85531269e-02
   6.84915639e-03 -5.23953705e-01  3.80173201e-02 -1.69250144e-02
  -6.57422931e-01 -6.44507572e-01  2.66754887e-02 -1.91745246e-03
  -1.58826543e-01 -5.21246266e-03  3.73928593e-02  1.23544443e-02
   3.85135083e-03  2.39938312e-01  3.11042836e-01 -4.56246706e-02
  -3.95369015e-02 -2.34836476e-02  7.27039303e-01  8.77472963e-01
  -1.79170536e-02 -2.99824109e-02 -1.00000000e+00  2.63207241e-01
   1.73085009e-02  2.83918342e-02 -4.72102010e-01  1.22230773e-01
   2.00857361e-02  2.62711250e-02  8.18538019e-02  1.48059408e-03
   5.80145679e-03  1.28222564e-03  1.24119581e-02  9.85453454e-02
  -7.98119127e-01 -2.19436649e-02 -7.63935992e-02 -3.49329599e-01
  -2.06487968e-03  3.94969448e-01 -3.37254052e-01  1.78547226e-01
  -3.33865166e-01 -1.78195962e-02  1.66026714e-02  2.34153962e-03
   2.01195528e-01]
 [ 1.97896355e-01 -4.41862909e-01 -5.11630720e-03  2.67363043e-02
  -5.72397923e-03 -3.54984238e-02 -7.70579936e-02 -3.81772254e-01
   2.24444540e-02  6.47910949e-04  3.36194684e-01 -2.87210580e-01
   2.60529815e-04  1.73950354e-01 -3.43192809e-01  1.92623485e-01
  -2.69816403e-01 -1.13903230e-02 -3.73349894e-02 -3.53051706e-01
   2.89672619e-02 -6.07302530e-03  1.64753714e-03  7.23129166e-01
  -7.65772384e-04  1.77242036e-01 -2.48305960e-03 -1.72066193e-01
  -8.53661862e-02 -9.34733294e-01 -1.24299998e-03 -7.96584770e-02
  -6.89466755e-02  2.09247316e-02 -1.49133718e-01 -1.16858192e-01
   2.42305030e-01 -1.10161778e-01  1.82256065e-01 -4.72861934e-03
   1.07144631e-03 -1.38825521e-01 -1.73697539e-03  5.26123320e-02
  -7.63848061e-02  1.07769788e-02  1.18178459e-03 -4.03271806e-01
  -1.23264554e-02  1.54182662e-02 -1.77124460e-03  6.53157616e-03
   9.51251014e-04  2.75606691e-01 -1.41997238e-05 -5.79980963e-02
   2.00074680e-02  2.05789925e-01  3.23747933e-01  5.36177132e-01
   4.17261666e-02  1.36091048e-01 -7.57411750e-02 -1.25326020e-01
  -2.25756003e-01]
 [-5.27799992e-02 -5.54617252e-03  8.27398306e-03 -5.13476624e-01
  -2.67830066e-01 -4.91144884e-01  7.60755208e-01  4.17543020e-02
   3.88844195e-01  9.03756058e-02  4.75801827e-02 -8.63146779e-01
  -2.79779129e-02  5.77150286e-03 -2.52559425e-01 -2.74319558e-03
  -3.45100645e-03 -8.51465773e-03  5.94775894e-03  5.24946815e-02
  -1.47300043e-01 -3.14217560e-01 -4.55833967e-01 -7.08063931e-02
  -5.35668897e-03  7.34287354e-01  4.02387500e-03  7.72643980e-03
  -1.82944659e-01 -8.05224243e-01 -1.20581096e-02 -1.50157839e-01
   4.56179790e-01 -2.99123120e-03  9.78909363e-02 -1.48177696e-01
   9.02593608e-03  1.34266477e-02 -3.64451561e-03 -8.46285416e-02
  -1.21432613e-01  4.98630669e-04 -1.37210157e-01 -2.90585645e-01
  -5.72743886e-02  1.78720509e-02  5.55775761e-01  8.99899407e-02
  -1.61014077e-03  6.43711616e-02  7.42129872e-02  5.04502904e-03
  -2.71557732e-02  8.60937026e-02  5.05763115e-01  2.69722778e-01
   9.10069930e-02 -8.74372557e-02 -1.22472985e-01  3.28499736e-02
   1.13203333e-02 -4.96796495e-02 -3.47850404e-01  5.18346385e-02
  -7.17819722e-03]
 [-7.12877669e-02  9.10891052e-03 -2.94288237e-01 -9.60458932e-04
  -2.72762873e-01  5.32943766e-03  7.52581639e-01  5.49409100e-05
   8.86199570e-03 -5.40752220e-02 -6.26194908e-03 -9.02404066e-02
  -7.69570541e-01 -9.23770237e-01 -8.06840909e-02  2.13577363e-01
  -5.82258902e-02  3.93808036e-04 -2.83297316e-01 -3.03056342e-01
   2.18279390e-01  2.24135669e-01  1.04225300e-02 -3.94067302e-02
  -6.30609341e-01 -4.43752083e-02  7.65915820e-01  5.17836456e-03
  -4.97485825e-02  8.45570803e-02  3.21479570e-03  6.79989285e-02
   7.77759509e-02 -6.20489602e-02 -2.03054664e-02 -1.03232854e-01
  -1.04832212e-01  3.08109890e-03  1.97425985e-01 -9.28673415e-02
  -2.00937823e-01 -1.40157613e-01 -2.49154160e-02 -2.21789434e-01
  -1.00000000e+00 -1.62235563e-02 -2.11871673e-03 -6.50207369e-02
  -3.55698813e-01  6.16448830e-01 -2.08780093e-01 -8.80008510e-04
   1.53855518e-02  4.01225175e-02 -1.55019914e-01 -2.43024187e-01
   2.14443649e-01  1.42045489e-01 -2.04801885e-03 -4.66811856e-03
   2.56552894e-01  1.06305825e-02 -2.13909365e-02 -7.85801881e-03
  -7.73054893e-02]
 [-4.95548611e-04 -2.03062306e-03  4.93582015e-02 -2.48943054e-02
   4.46924342e-02  9.01611833e-03  5.67676541e-01  6.75154615e-02
   5.15829204e-03 -2.75859765e-03 -2.02063781e-02  4.55554331e-02
  -1.69567464e-02  5.21010393e-01  5.08137024e-02  2.22747204e-02
  -5.53911030e-03 -5.78572809e-03  2.76196966e-01  1.02028285e-02
   1.18983896e-01 -5.65224391e-03  3.22861370e-03  1.54878139e-01
  -1.23561797e-03 -5.71344352e-02  2.81818549e-01 -1.99531450e-04
  -3.73093773e-03 -2.39085872e-01 -2.88685335e-02  2.94860181e-01
   2.09742618e-01 -8.69201120e-02 -9.47883230e-02  4.44596772e-02
  -3.82424494e-05 -2.65398090e-02 -1.68348001e-01  1.24008200e-02
   3.53797892e-01 -2.34965479e-01  1.99536718e-02 -5.78649114e-01
  -2.29611541e-02  7.26045900e-04 -3.98466335e-03  2.38198130e-02
   9.93992953e-03  1.44777952e-02  2.77947688e-01  5.06939537e-02
   4.63590434e-03  5.03087179e-02  6.69928215e-02 -5.27378857e-02
   3.78792830e-03 -1.74443184e-02  1.05397447e-01 -2.88799688e-02
   3.60796104e-02 -3.33291281e-02  1.60244873e-02  3.59252682e-02
   7.80996612e-03]
 [ 3.46916736e-02 -3.86142855e-02 -7.26441947e-02 -1.08940050e-01
  -6.52997801e-02  6.71160538e-02  1.61733185e-01 -9.46552148e-01
  -5.95106229e-04  4.40705947e-03 -2.50012480e-01 -3.99947575e-02
   8.10760833e-02  5.40319159e-02  8.65341043e-02 -3.40311039e-01
   1.75797242e-02  3.18851333e-02  9.96357107e-02  8.46922735e-01
  -2.62022027e-01 -5.27887366e-02  3.04432936e-01 -7.48949881e-03
   8.46800679e-03  2.20579515e-01  6.85406431e-01 -1.26290759e-01
   5.13483353e-01  1.00000000e+00  7.17797934e-03  2.21763367e-02
   5.96634752e-02 -1.71847460e-01 -8.26112413e-04 -3.42086336e-04
   3.29515273e-03  4.92730479e-03 -1.79431022e-02 -1.85931531e-02
   5.64667448e-01 -2.37766020e-02 -3.44411574e-01  2.06113773e-02
   1.03909349e-02  1.49649040e-01  3.51493485e-02  2.06039932e-02
   8.81077279e-01  8.25080077e-02  6.01712659e-02 -5.66264292e-02
  -1.63073875e-02  4.04376711e-02 -2.54329737e-02  2.29098624e-03
   3.94241399e-02 -1.16348363e-01 -8.45548083e-02 -1.67920689e-02
  -1.71867239e-02  2.09200453e-02  1.20172680e-01  5.14796581e-03
  -5.41123649e-02]
 [-5.70931184e-02  1.06792373e-01 -5.73144975e-01  1.05882530e-02
   8.58543431e-02  1.58725050e-02  3.31539142e-02  1.81902259e-01
   8.49148831e-02 -2.99915943e-01 -7.60247214e-03  2.96340240e-02
   1.33337588e-02 -6.06152870e-02  2.95948957e-01 -3.88906525e-01
  -7.85110268e-03  3.99152652e-01 -6.46514289e-02 -2.84229579e-01
  -8.40274056e-01 -7.46371311e-03 -2.37457300e-01  1.42807543e-01
  -1.17750745e-01  2.08573457e-02  8.30851015e-02  1.93952080e-01
  -2.06682033e-03  1.00000000e+00  1.96755397e-02 -1.43583727e-01
  -1.18395631e-02 -6.32251281e-02 -1.08546668e-01 -5.07912816e-03
   7.59908585e-03  6.98499559e-02 -3.02222419e-01  5.11120135e-01
  -5.00932857e-02  1.82838744e-02 -1.17783721e-01 -1.39302699e-01
   8.24464947e-02 -1.75822840e-01 -2.59649960e-01 -9.05902839e-02
  -1.16629254e-02  4.37408014e-01 -2.87375210e-01  2.20299702e-02
   4.75414372e-02  1.70643732e-02 -5.60018842e-03 -3.54599010e-02
   2.52757766e-01 -1.17169649e-01  7.02618636e-01  2.38692476e-01
  -6.10416271e-02  4.43555505e-02  5.99851011e-01  7.31331878e-01
  -1.43129525e-05]
 [ 1.18727519e-01  2.42562075e-02 -5.37916483e-01 -2.84133021e-04
  -3.04515317e-03  2.21191533e-02 -2.09857521e-02 -7.25776118e-01
  -7.18901886e-02 -1.28954921e-01 -3.05764466e-02 -3.95167936e-02
   6.47155922e-01  5.04527656e-02 -9.28289490e-01  2.15706642e-01
  -1.16165099e-01 -4.37448516e-01  3.17236625e-02  1.24287346e-01
  -5.93460955e-02  3.37434349e-01 -3.79644543e-01  2.18522233e-03
   3.59196311e-03  4.30494599e-02  1.40746145e-01  9.06365961e-02
   5.32336487e-02 -4.88759655e-04 -3.36008128e-03 -4.29897249e-01
   2.13039034e-02 -1.25467175e-02  4.11027079e-02  1.31131001e-02
   2.06609872e-01  5.60982530e-05  1.87456711e-02 -8.03948411e-02
   4.15011479e-02 -7.43123553e-02 -3.47937563e-02 -4.27819743e-02
  -1.89713204e-02  2.60566504e-02  3.04217060e-02 -3.60907267e-01
  -5.32037080e-01 -1.05868560e-02 -2.66410278e-02  1.74326737e-02
   4.79568141e-01 -1.76516958e-03  4.86880658e-02 -6.65537936e-01
  -7.63129829e-04  5.83408934e-02 -7.32664701e-02  2.64111103e-02
   1.43207797e-02  6.41603080e-02 -1.47683696e-02  4.56507751e-02
   1.10341025e-02]
 [-3.19426423e-02 -2.49866636e-03  7.01657514e-02 -1.49437822e-02
   6.42231304e-04 -1.85248966e-02  1.77868347e-01  6.28050911e-01
   1.09042682e-01  8.64669019e-01 -6.49183850e-03 -2.04257552e-02
  -1.49784278e-01  1.55551567e-01 -1.71592007e-02  1.89742811e-01
  -2.46476432e-01  7.10245089e-02 -2.20391177e-01 -8.04764545e-01
  -1.65629765e-01 -6.97545350e-02  3.59284010e-01 -2.47884441e-03
  -8.22800473e-02 -3.39392626e-01  1.04960758e-02 -2.53792497e-01
   7.68824761e-02  3.14626838e-01  3.00063288e-01  2.82437793e-01
   1.22094586e-01  9.55727485e-01 -1.61491473e-03 -6.32484798e-04
  -2.44003138e-01 -2.60699699e-01 -1.85260179e-01 -2.53189326e-02
  -6.08407271e-01  2.86218692e-02  6.77217932e-02 -1.74966247e-02
   1.95060274e-01  2.70320723e-02 -5.66129443e-02 -5.00604955e-02
   3.99304473e-02  5.42191797e-02 -1.00404070e-02 -1.17248515e-02
   3.74468369e-02 -1.30756112e-01  7.00716255e-03 -2.08084272e-01
   9.62798377e-03  1.68435072e-02 -1.81739759e-01  2.56271222e-02
  -1.69413332e-02 -1.72695100e-01 -6.69304848e-02 -6.07769526e-03
   6.95340877e-02]]"
5,"[[ 3.92855232e-04 -1.60668390e-01  1.09194651e-03  3.44014392e-04
  -7.05120679e-03  1.38694947e-03  8.32918744e-03 -2.87775856e-03
   3.61047026e-04 -5.81857609e-01  1.57957281e-01  8.62412985e-02
   2.54625636e-03  1.21006456e-02  8.95219210e-03 -3.51808383e-01
   3.26617020e-05 -1.69190881e-01  5.75702249e-02 -2.02082201e-02
  -1.58843400e-03 -9.85298279e-03  1.09853360e-02 -5.74268069e-02
  -5.53974859e-03 -3.81614028e-02  5.86465560e-03  2.04584427e-02
   2.81078556e-02  1.72577226e-02  2.12177809e-02 -1.09693147e-02
  -7.35938945e-03 -5.42737093e-02  4.77034286e-02  1.47314716e-02
   3.78574963e-04  5.98158356e-05 -3.74624621e-02 -6.03069157e-05
   8.95114066e-03  6.88873497e-03 -1.22272842e-02  1.11261194e-01
   1.74696117e-04  1.61471723e-05  2.28835751e-02 -3.57365774e-04
   2.20028531e-02 -1.48011248e-04  1.66132413e-03  2.41464754e-02
  -5.50982033e-01 -5.93676728e-01 -3.38649852e-03 -2.26676982e-02
  -6.32902768e-05  1.51193816e-02 -9.61770238e-04 -2.34205371e-03
  -1.56624156e-03 -3.47409958e-04  1.20108928e-02  1.62453187e-03
  -5.50541362e-05]
 [ 2.09427974e-02 -3.73977697e-02 -4.98430107e-02 -9.08025101e-05
  -2.49613459e-04 -2.77487493e-02 -2.12188982e-01 -4.38944337e-03
   2.19251705e-02  1.04639378e-03  1.00880465e-04 -9.01554203e-03
   5.15985132e-04  8.12600066e-03 -3.09119558e-02  2.45275103e-03
  -1.15040803e-03 -7.69667335e-05 -8.11430491e-02 -9.49370428e-02
  -4.23503605e-04  6.58988561e-04  5.56337713e-04  1.23748272e-01
   5.67897239e-04  2.63479887e-02 -2.44438273e-02 -1.10768800e-02
  -7.31393976e-01 -4.52890458e-03 -2.70440189e-04 -2.28280487e-03
  -6.70014403e-02  3.15918713e-03 -9.20296941e-01 -3.25961079e-02
   6.25094512e-03  1.23796431e-03  3.74883341e-01 -5.93293038e-01
  -8.37291989e-03 -2.45062423e-04  3.90866015e-04 -1.02010920e-03
  -3.33091754e-03  6.62180507e-02  1.56192216e-02 -3.50546169e-02
  -9.78165795e-03  1.39885987e-03 -7.68645222e-02  1.01525059e-01
   3.06460467e-02  2.73708518e-01 -4.44626402e-02 -2.86045947e-02
   5.42756229e-02  4.93643628e-01  1.75393822e-02  2.87477280e-01
   4.24326036e-03  9.72489277e-02 -2.89116887e-04 -4.70757431e-02
  -3.48299260e-02]
 [-3.10027700e-04 -1.18716732e-03  6.43429369e-04 -1.04246894e-02
  -5.86145312e-02 -6.14042729e-02 -4.19954462e-05 -2.78243429e-05
   3.01888199e-02  1.01622016e-01  5.29459332e-01 -7.79243091e-02
  -1.07083938e-01  6.60696307e-03 -4.47821299e-04 -5.24088417e-02
  -2.13887490e-01 -4.65505855e-03  4.08949302e-02  7.95597668e-02
  -4.68568105e-02 -7.01417236e-02 -5.33994141e-02 -4.67572649e-01
  -2.29484473e-02  5.14026068e-03  2.74097217e-01  1.79255759e-02
  -1.68865398e-01 -4.02527151e-01 -1.83676432e-01 -1.13774243e-05
   4.66731328e-03  6.61875966e-04  1.94739320e-01 -3.61571010e-03
   8.61730637e-02 -2.36717032e-03  2.41956448e-04  2.55384042e-04
  -2.56737762e-01  8.40679197e-02 -1.12296742e-01 -1.39306732e-02
  -1.82084693e-01  2.27188160e-02  7.02132786e-01  8.82005598e-04
  -3.43191707e-04  2.11802522e-02  4.48630424e-02  1.49267548e-02
  -1.18383213e-02  2.93944335e-03  1.22548591e-02  8.40344362e-01
   6.18028810e-01 -6.02093043e-02 -6.19092152e-01  7.29294815e-03
   7.58287090e-04 -3.45435722e-01 -7.49217555e-03  2.69981838e-02
  -1.79820163e-03]
 [ 6.62224481e-04  3.28748654e-03 -2.25397510e-01  3.27617775e-04
  -9.03386856e-02 -1.43673490e-03 -4.71764927e-05 -1.36536042e-03
   3.14232359e-03 -3.41893102e-03 -3.87670597e-01 -2.31749386e-02
  -4.05667844e-01 -2.55563997e-01 -1.02007743e-03  4.42448509e-03
  -2.47532445e-02  1.43726898e-03 -7.99346648e-05 -3.96357564e-02
   3.18887640e-01  6.93523670e-05 -6.68560742e-04 -5.64257617e-01
  -3.14955566e-02 -2.92932699e-04  4.65124054e-01  6.48216176e-04
  -6.91972037e-02  1.28394048e-05  2.70676421e-02  2.13621482e-05
   2.21085512e-01 -2.26027069e-02 -2.20125872e-04 -1.02855659e-03
  -3.12349459e-03  1.24500790e-04 -5.39440672e-04 -4.45830741e-02
  -3.47475439e-02 -1.02300117e-01 -5.82512335e-04 -2.01860265e-02
  -3.91730971e-03 -2.15473367e-01 -2.59458345e-02 -2.28508682e-02
   8.14481405e-04  2.32370412e-01 -8.05472045e-01 -7.32493867e-01
   3.79682196e-02  1.06392704e-03 -1.13585653e-03 -4.96549117e-01
   1.23790365e-02  1.47506470e-02 -3.77414122e-03 -5.08047632e-05
   4.40658241e-02 -1.40257119e-03 -8.45033685e-03  2.25433024e-04
  -7.10307373e-03]
 [-7.59431618e-02 -5.56087481e-03  3.30394772e-02 -1.74587886e-01
   1.64656685e-04  1.65721845e-01  4.82860920e-03  7.79357800e-03
   3.18280238e-04  1.87579747e-04 -2.35021944e-03  8.28635566e-03
  -1.41628670e-02  5.24079591e-03  2.96167143e-04  3.91442842e-01
  -2.21922891e-03 -3.60408523e-03  4.53154223e-01  5.19017489e-02
   9.00936711e-02 -9.34520066e-03  8.88603243e-03  3.99266573e-03
  -4.53363024e-02 -9.68566355e-04  1.00000000e+00  3.46522460e-03
  -1.68770758e-02 -1.29853785e-01 -6.41033713e-04  3.42403095e-02
  -3.67361033e-04 -1.16840147e-03 -1.41188208e-03 -6.94135375e-04
   5.35142324e-04 -2.77881662e-03 -5.20540705e-03  1.58944278e-01
   2.20451057e-02  5.08660382e-04  2.26897373e-02 -2.32353785e-03
  -1.09726544e-01 -4.92221869e-03 -1.38027757e-01  3.11215962e-02
   2.94366543e-01  9.68183552e-03  1.88640082e-02 -2.08792259e-05
   4.61054661e-01  2.01009157e-01  1.56552937e-02 -4.12917554e-02
   6.16176275e-03 -1.19971852e-01  7.82937175e-03 -5.41512273e-04
   8.56862674e-01 -6.73904533e-02 -2.33099013e-03  3.52392355e-01
   3.11863859e-03]
 [ 3.28732960e-02 -1.41560035e-01  1.87699793e-03 -3.55976289e-02
  -6.06119324e-03  5.05884552e-02  3.99010906e-01 -8.06866736e-03
  -2.85061077e-02 -4.47862017e-04 -5.00159438e-02  1.97684770e-04
   5.89916836e-01 -2.54493927e-04  1.41304184e-02 -7.41992537e-02
   1.78266896e-03  4.46128274e-03  9.40157336e-03  4.45204011e-01
  -2.18756106e-05 -2.92719204e-03  8.53152599e-04 -2.51590811e-03
   1.03146537e-01  2.95601748e-03  2.76620866e-01 -2.23929032e-03
   4.68509551e-01  1.83366650e-01  4.63945486e-01  2.86269079e-02
  -4.70351278e-04 -9.80793907e-02 -3.08462693e-03 -6.93458574e-04
   9.69209054e-03  2.27702943e-02 -1.71355640e-01 -1.93527480e-03
   6.70566681e-02 -4.02626727e-02 -5.38012303e-02  1.65780153e-01
   2.11688978e-02  3.03792490e-04  9.38234569e-03  5.83348474e-02
   3.73261977e-03  1.56870644e-02  4.58206026e-02 -5.61685872e-01
  -2.65032939e-02  1.58678790e-02 -2.12355059e-03  1.83509855e-04
   2.67840451e-01 -2.78652007e-02 -1.03839784e-02 -2.50318448e-02
  -1.64704658e-02  1.24064791e-04  3.48940203e-04  1.49565290e-01
  -5.39327664e-01]
 [-2.11558211e-02  1.18345569e-03 -4.99778026e-03  3.76007668e-02
   5.90267383e-02  2.06767098e-02  6.44797331e-03  1.91914438e-02
   1.05134897e-02 -2.19363447e-02 -2.18676781e-02  3.47576154e-03
   1.15984278e-01 -8.48318583e-03  7.81011624e-02 -2.81525074e-02
   2.87618240e-04  1.73533553e-01 -3.80558548e-02 -1.96233856e-02
   5.76446987e-04 -1.86047372e-02 -1.91425189e-01  5.56367100e-03
  -5.73859922e-02  6.36707548e-03  4.57305113e-01  1.97717319e-03
  -2.40348318e-03  1.37972256e-01  2.61809906e-02 -6.01951941e-02
   3.58950765e-04 -1.92172482e-04 -2.68495411e-03 -5.15174399e-01
   6.65680215e-03  2.06494029e-02 -1.97899727e-01  6.41650483e-01
  -4.29814183e-02  1.42679278e-01  2.46145180e-03 -4.92421288e-03
   1.38111532e-02 -1.57113848e-01 -1.21873095e-02 -5.93715316e-03
  -1.10609873e-02  2.61030027e-03 -1.45939183e-02  4.92993392e-02
   4.00934646e-02  1.34461025e-02 -4.28912540e-02 -6.64796333e-02
   5.91479346e-01  4.05226653e-04  6.61853681e-02  2.83684672e-01
  -7.15155123e-01  6.73122356e-02  6.03728208e-01  1.71552163e-03
   8.38980011e-04]
 [ 2.09576570e-02  3.15910555e-03 -1.63340373e-03 -1.24806440e-04
  -4.58135395e-03  7.11547375e-03 -2.82326987e-01 -6.67762987e-02
  -3.76899670e-03 -1.26539869e-02 -2.08283365e-03 -6.84988942e-04
   3.72836769e-01  4.11836951e-03 -5.22104384e-02  3.34898774e-01
  -4.22585658e-01 -1.77838423e-02 -5.58137540e-04  3.80685138e-01
  -6.63907053e-02  4.67533024e-02 -1.03863757e-02 -3.20499751e-03
   6.90234579e-02  5.27900400e-01  1.27828666e-04  5.30139958e-02
   4.68652603e-01  1.39336842e-03 -7.15167648e-04 -1.51970469e-01
   3.68851255e-03 -2.15574890e-02  1.01830407e-02 -9.67446318e-05
  -2.06427086e-04 -1.01672230e-02  1.92895350e-02 -7.09771555e-03
  -1.53516090e-04 -1.61909412e-01 -1.00087999e-03 -1.81653882e-01
   7.39471235e-04  3.24296966e-04  7.83444880e-03 -1.00000000e+00
  -4.10305938e-02 -1.81723877e-01 -9.59775868e-03  6.04374440e-04
   2.03068502e-01 -1.01261240e-02  4.10477156e-02 -1.45803654e-02
  -3.26921189e-04 -7.48858718e-04 -1.39091207e-02 -1.28734009e-03
   1.39034594e-02  1.17383832e-02 -7.11445631e-03  2.18940156e-03
  -5.22711345e-05]
 [-1.99122375e-02 -1.11753282e-03  3.12827900e-01 -2.69190001e-02
  -1.67350288e-03 -3.65092756e-03  1.39914446e-01  1.65878820e-02
   1.57491135e-02  1.42160249e-01  2.73635141e-03 -1.91503242e-04
  -3.48402166e-03  6.92017864e-03 -2.73321532e-03  5.06927334e-04
  -2.63261141e-04  9.07538351e-02 -1.94958337e-02 -3.94769016e-02
  -9.11102107e-03 -1.79474620e-01  1.22615787e-02 -7.96279631e-01
  -1.68461019e-02  3.11267917e-04  4.27410777e-03 -1.87956548e-01
   2.21886993e-02  8.52763159e-02  2.50660217e-01  1.94422699e-01
   9.36465491e-03  8.20847345e-03  4.02531081e-04 -5.28917402e-04
  -7.73514651e-03 -5.68170462e-01 -8.80077132e-04  3.60152305e-04
  -3.97569782e-01  1.93691591e-03 -4.36068230e-03 -3.01423446e-02
   2.62336373e-02  7.22284085e-02 -1.45132185e-03 -5.49564307e-02
   6.32980937e-02  2.56161687e-03 -5.68927535e-02  2.31516902e-04
   7.00907326e-03 -2.14550658e-01 -1.81667488e-04 -5.36984226e-02
   1.71381001e-02  4.50776205e-03 -1.68054234e-02  5.94439587e-04
  -8.30955973e-01 -3.30948952e-01 -9.30694177e-04 -3.02391362e-01
   8.44060961e-02]]"
6,"[[ 2.33603518e-01 -7.54018654e-01  7.41700931e-01  4.37076135e-01
  -1.52456200e-01 -1.58085211e-01  5.74325879e-02 -9.77791856e-02
  -6.40304241e-02 -7.04137839e-01  1.00000000e+00  3.52911380e-01
   9.44177851e-02  1.00000000e+00  9.58305192e-01 -6.73450455e-01
   5.14960531e-01 -8.61783002e-01  1.00000000e+00 -1.73969213e-02
  -3.85514763e-02 -5.60234043e-01  9.40712910e-01 -3.90832733e-02
  -4.29454349e-02 -8.70848438e-02  5.93393166e-01  8.40780445e-02
   6.58688402e-01  8.00450529e-01  3.63049053e-01 -2.02271036e-01
  -1.08944466e-01 -4.43535833e-01  2.96129886e-01  8.53762084e-01
  -3.07546194e-01 -1.00000000e+00 -7.62231627e-01  3.34950671e-01
   5.89483221e-01  2.35390511e-01 -2.45475281e-01  2.04364649e-01
   1.51911524e-02  9.94256981e-02  9.14007348e-01  7.88213733e-02
   1.79585167e-01  4.26473739e-02  6.80194725e-02  3.76398410e-01
  -9.19120358e-01 -1.05668147e-01 -2.52048770e-01 -8.12705615e-01
  -1.36015559e-01  1.00000000e+00 -6.80617679e-01  7.98851978e-01
  -3.53154996e-01 -1.02661432e-01  1.11646678e-01  1.19565070e-01
   5.63336950e-01]
 [ 1.14944612e-01 -1.02402305e-01 -1.59681172e-01  8.28091798e-01
  -2.02865669e-01 -1.92517706e-01 -9.58672705e-01 -2.08995588e-01
   3.14436018e-01  3.32116017e-02  7.54122461e-01 -5.42935891e-01
   5.83543566e-02  5.19002065e-01 -3.86945355e-01  2.37888651e-01
  -4.68014513e-01 -1.03207291e-01 -4.24531776e-02 -3.23536238e-01
   1.00000000e+00 -5.14121736e-01  7.53662945e-03  1.55420925e-01
   4.34588238e-01  8.11490128e-02 -1.03612383e-02 -4.63283100e-01
  -7.14310791e-02 -9.89617268e-02 -6.65293257e-01 -6.03799404e-01
  -6.26079524e-01  4.64293702e-01 -1.00000000e+00 -3.97418074e-01
   2.73870196e-01 -2.48148056e-01  4.02922865e-01 -1.23500330e-01
  -8.98269684e-02 -4.59465159e-01 -3.61518444e-01  5.94539470e-01
  -7.24586359e-01  8.24176547e-01  7.08704786e-02 -9.08287382e-01
  -3.95906370e-01  1.40767724e-01 -1.23634156e-01  1.76202993e-01
   5.69957505e-03  6.05773081e-01 -1.08459994e-01 -9.28800031e-01
   1.81948422e-01  7.44736645e-01  3.48679176e-01  4.46288226e-01
   1.81770067e-01  5.66151245e-01 -7.58120885e-01 -5.66038151e-01
  -6.43979589e-01]
 [-4.14089112e-01 -7.88830888e-01  2.63256723e-01 -5.79611407e-01
  -3.56036878e-01 -1.89400315e-01  4.02738324e-01  2.41958628e-01
   3.08918233e-01  5.42922509e-01  2.35236828e-01 -4.57131485e-01
  -2.23447651e-01  1.88376574e-01 -5.26079625e-01 -3.06258331e-01
  -1.00000000e+00 -1.47550615e-01  1.00000000e+00  5.17935076e-02
  -5.04132739e-01 -6.62951267e-01 -5.32734109e-01 -8.14043008e-01
  -3.46612567e-02  3.72297760e-01  5.35140689e-02  3.08055001e-01
  -1.00000000e+00 -9.09412013e-01 -1.94277819e-01 -3.02812694e-01
   5.49267295e-01 -2.63128607e-01  1.68573996e-01 -4.69643385e-01
   2.17538357e-01  4.83430281e-01 -1.80800741e-02 -4.08220647e-02
  -3.85649431e-01  6.11078025e-01 -1.00000000e+00 -3.16291834e-01
  -9.99873406e-01  6.16937135e-01  8.01782915e-01  1.46854435e-01
  -4.75722607e-02  1.24080372e-01  2.82753729e-01  6.47323542e-02
  -1.66090534e-01  2.50053605e-01  8.67037284e-01  8.58629407e-01
   1.37517108e-01 -8.86799889e-01 -8.84636010e-01  4.04407798e-01
   4.86241058e-01 -4.69495653e-01 -8.82231734e-01  9.06401381e-01
  -5.90120994e-01]
 [-8.21155955e-01  1.41537595e-01 -2.05558167e-01 -6.22632178e-04
  -2.02758718e-01  2.79060470e-01  3.93658172e-01  6.16963698e-02
   1.51949132e-01 -5.33773658e-01 -1.23772554e-01 -6.63920414e-01
  -6.88345187e-01 -4.95703230e-01 -6.11576425e-02  3.89466645e-01
  -1.70129812e-01  1.48935203e-02 -1.81882681e-01 -9.36610232e-02
   1.76858380e-01  2.62799584e-01  8.39232537e-01 -3.77196037e-02
  -3.35468601e-01 -4.13929878e-02  5.22305725e-01  9.96423705e-02
  -3.06591685e-01  1.05679235e-02  3.89682774e-01  2.36074937e-01
   2.94289244e-01 -4.30396975e-01 -2.24512015e-01 -1.00000000e+00
  -5.64585025e-01  2.27755957e-01  1.00000000e+00 -5.72673965e-01
  -2.68230297e-01 -8.16163815e-01 -7.71588603e-02 -2.35544369e-01
  -4.36733207e-01 -2.46380717e-01 -2.46133038e-02 -9.29815367e-01
  -5.07350984e-01  1.00000000e+00 -5.58651549e-01 -2.56491449e-01
   1.00000000e+00  9.03733283e-01 -1.92952982e-01 -2.00518696e-01
   2.62097737e-01  8.93736616e-01 -3.91255892e-01 -4.30870665e-01
   4.15417760e-01  5.54562931e-01 -2.81775397e-01 -9.28529243e-02
  -6.28793109e-01]
 [-6.88980254e-02 -8.65501578e-02  4.38593245e-01 -4.36026943e-01
   3.26957505e-01  1.00000000e+00  4.87476153e-02  1.39096595e-01
   1.81753324e-02 -1.67533187e-03 -1.00000000e+00  1.00000000e+00
  -1.58836219e-01  1.36465655e-01  3.73799157e-01  2.63884128e-01
  -1.12397046e-01 -6.00693419e-01  2.89243717e-01  5.40947155e-01
   2.84483513e-01 -7.13386747e-01  4.82148530e-01  2.86541474e-01
  -5.96954489e-01 -8.73521750e-02  5.96273345e-01  6.49228222e-02
  -1.72224452e-01 -3.27794206e-01 -5.67224106e-01  2.78246327e-01
   3.39618781e-01 -7.24105431e-01 -1.35136520e-01  8.18706912e-02
   9.79497860e-02 -4.27037633e-01 -8.88104386e-01  2.77964606e-01
   1.00000000e+00 -3.58559698e-01  3.96673616e-01 -1.00000000e+00
  -3.88046590e-02 -2.11548355e-01 -8.77821667e-02  4.86957522e-01
   6.38887190e-01  1.00000000e+00  4.04580416e-01  3.20788507e-01
   2.14990998e-01  2.90051847e-01  8.85163064e-01 -2.88544176e-01
   9.46830943e-03 -4.31111137e-01  4.88218269e-01 -4.92701273e-01
   3.06359817e-01 -1.83277267e-01  9.34061106e-01  3.93878175e-01
   2.69420716e-01]
 [ 3.55157631e-01 -5.89543980e-01 -5.43781463e-02 -9.70402284e-01
  -1.55320880e-01  9.88157258e-01  6.76385085e-01 -3.54478535e-01
  -7.29366304e-01  1.76174054e-02 -3.93862528e-01 -2.42440259e-01
   1.42889098e-01  7.39470441e-01  2.72025665e-01 -6.37125491e-01
   2.97576201e-01  4.37690256e-02  3.69845919e-02  4.74707123e-01
  -1.00000000e+00 -5.49899183e-01  7.22340915e-01 -1.00000000e+00
   2.77387705e-01  1.37891844e-01  4.73323686e-01 -4.15652525e-01
   5.94248966e-01  1.92402517e-01  3.23574489e-01  6.49389038e-01
   3.43549174e-01 -7.95918799e-01 -8.51865312e-02 -1.89540508e-01
   3.72935057e-01  7.02377476e-01 -7.00431957e-01 -7.48714714e-02
   5.67557410e-01 -7.63665030e-01 -1.00000000e+00  2.13469869e-01
   8.73304662e-01  2.13268460e-02  5.72300938e-01  4.89033210e-01
   8.71974379e-01  7.68976129e-01  5.37050042e-01 -4.28512481e-01
  -1.41876321e-01  3.43088831e-01 -9.07661736e-01  5.43544750e-02
   2.80426212e-01 -4.06648283e-01 -6.40185586e-01 -4.68664805e-01
  -8.60280148e-01  1.29196296e-01  4.72541563e-01  4.11559612e-01
  -3.49336098e-01]
 [-2.84120144e-01  8.45841295e-02 -3.67626676e-01  7.09349277e-02
   3.72230922e-01  1.05811769e-01  4.21041458e-01  1.68961012e-01
   3.71352676e-01 -9.37480195e-01 -6.22135917e-02  4.41259040e-02
   1.72406228e-01 -2.75788439e-01  2.67018666e-01 -1.53440668e-01
  -1.19521049e-01  2.64094594e-01 -1.00000000e+00 -5.76517243e-01
  -7.52185901e-01 -9.08607243e-01 -7.26327669e-01  9.04400466e-01
  -3.19873243e-01  7.77198919e-02  2.04999493e-01  8.20558528e-01
  -1.04533202e-02  8.24009735e-01  1.44896727e-02 -1.65165048e-01
  -3.49230708e-01 -7.23939837e-01 -1.00000000e+00 -2.25918751e-01
   3.11393851e-01  4.39698337e-01 -6.13799130e-01  1.87698050e-01
  -6.68312940e-01  4.10355267e-01 -5.81670225e-02 -4.39347879e-01
   3.32727345e-01 -8.95703051e-01 -3.59841883e-01 -9.61377278e-01
  -9.16643331e-01  3.57014682e-01 -4.63070104e-01  1.92946432e-01
   1.79093958e-01  6.05508622e-01 -4.35924538e-01 -9.03073055e-01
   2.77199762e-01 -3.47926353e-01  4.72687513e-01  4.68098822e-01
  -3.08875050e-02  2.33631786e-02  8.94354854e-01  6.42377108e-01
   7.12057526e-02]
 [ 2.91561495e-01  1.97324390e-01 -2.99804613e-01  2.14077618e-01
  -9.90864049e-03  6.48150190e-02 -7.70739536e-01 -3.36878645e-01
  -8.37503593e-01 -6.76967564e-01 -7.47703310e-01 -5.30181603e-01
   7.30534671e-01  2.56274488e-01 -1.00000000e+00  9.61788611e-01
  -6.35865252e-01 -4.88864377e-01  3.81547676e-01  1.92367537e-01
  -2.02826510e-01  5.96933029e-01 -8.56305229e-01  4.56243742e-03
   7.68234122e-02  6.58757183e-02  4.44042074e-01  5.43319039e-02
   2.98488118e-01 -9.06159430e-02 -5.12438000e-02 -8.47137015e-01
   1.48407154e-01 -3.66069684e-01  3.88643092e-01  2.08465760e-01
   9.38198699e-01 -5.13960218e-02  2.04266098e-01 -1.11257641e-01
   7.93476173e-01 -8.77456000e-01 -4.45860046e-02 -7.68541696e-01
  -1.57282545e-01  5.13212327e-01  5.05053302e-01 -2.06428861e-01
  -9.26101171e-01 -3.82338453e-01 -4.39144957e-01  1.00000000e+00
   5.21832754e-01 -5.83272544e-01  6.00042711e-01 -7.09586376e-01
  -1.69299759e-01  8.87296111e-02 -1.19470751e-01  7.40138936e-01
   8.67063546e-01  8.97518724e-01 -7.08943903e-01  2.04865538e-01
   1.29294828e-01]
 [-1.89621213e-01 -7.63058521e-01  6.42797234e-01 -2.42667436e-01
   7.44383597e-01 -9.91089892e-02  7.98464535e-01  1.00000000e+00
   1.66151407e-01  8.01103118e-01 -1.41838517e-01 -8.79563891e-01
  -1.00000000e+00  4.88899651e-01 -7.93018453e-01  3.44791570e-01
  -6.13349841e-01  1.95998829e-01 -7.38155780e-01 -2.82285024e-01
  -1.00000000e+00 -1.22049525e-01  5.53209168e-01 -5.08952548e-01
  -1.47248985e-01 -1.76143681e-01  1.03411911e-01 -1.00000000e+00
   1.42574350e-01  5.34415646e-01  4.68683965e-01  8.33160728e-01
   1.52396004e-01  5.61175352e-01 -7.09083561e-02 -8.38984362e-02
  -8.32489051e-01 -5.40951339e-01 -5.66359218e-01 -7.08583797e-01
  -1.00932486e-01  2.54209247e-01  2.83275918e-02 -4.41579310e-01
   3.23605034e-01  5.27438369e-01 -1.34020453e-01 -2.17298702e-01
   9.08231752e-01  1.45674836e-01 -2.86686597e-01 -1.44666446e-01
   1.42073890e-01 -1.00000000e+00  1.56559490e-01 -6.96290110e-01
   7.40814607e-01  4.68441756e-01 -7.11246425e-02  5.08454841e-01
  -3.28172053e-01 -2.66607551e-01 -1.16156766e-01 -7.99400677e-01
   1.00000000e+00]]"
7,"[[ 2.13955552e-01 -3.71889763e-02  2.25361831e-01  7.75271706e-02
  -3.36524854e-01 -2.90505498e-01  3.93800477e-03 -2.21845486e-03
   5.52687953e-03 -8.50790562e-02  1.69068205e-02  6.21486849e-02
   5.83021040e-02  3.64998601e-01  4.47189425e-02 -2.66937926e-03
   1.87788787e-04 -3.91777879e-02  1.86473705e-01 -1.72595301e-02
  -1.25411938e-01 -4.00242654e-01  2.06509095e-02 -5.53121226e-04
  -2.11994239e-01 -6.02587352e-01  2.19725675e-01  1.84801532e-02
   3.03899640e-02  5.00560625e-02  6.70904719e-02 -2.39165861e-03
  -5.90688452e-02 -2.36676968e-01  5.22418499e-01  5.67698174e-02
  -2.45870396e-01 -9.54483522e-02 -5.26918023e-03  1.08813721e-02
   9.10436940e-01  2.19371152e-03 -2.85160903e-01  8.59050250e-04
   1.16785681e-01  1.01910159e-01  3.60780547e-03  2.83676544e-01
   4.32937939e-03  9.78127930e-04  7.51977989e-03  2.94269361e-02
  -2.69720836e-01 -9.11762748e-02 -9.48892074e-02 -1.81712327e-01
  -4.30384236e-03  8.24976605e-04 -1.22463409e-01  2.11024136e-01
  -1.61219148e-02 -4.93864968e-03  1.31938562e-02 -6.37719832e-04
   7.89232392e-05]
 [ 3.01371229e-02 -4.65037124e-03 -6.43444535e-02  1.84901871e-01
  -8.95194313e-03 -4.21338846e-02 -2.25459315e-01 -2.04211036e-01
   1.40850039e-02  7.68727185e-03  1.00000000e+00 -6.37640026e-02
   1.40936438e-02  1.53006762e-03 -7.10271606e-03  3.60763349e-02
  -7.61128374e-01 -5.80603489e-01 -2.60571211e-02  1.20109017e-04
   1.14780397e-01 -2.23161235e-01  5.30080469e-02  1.08798073e-01
  -2.96089256e-03  2.74598574e-04 -2.03117470e-02 -4.47831008e-02
  -1.21687238e-03 -5.62908770e-02 -1.29234275e-01 -5.43344347e-02
  -2.85429158e-02  6.00369153e-03 -3.41816798e-02 -1.37825503e-02
   1.16366002e-01 -2.21193351e-01  4.60419683e-03 -5.66258066e-02
  -1.56602488e-01 -1.38890227e-03 -2.52157512e-01  1.22329429e-01
  -4.97238089e-04  1.91177584e-01  5.60058468e-01 -5.31569956e-02
  -3.25312400e-01  2.68090873e-03 -2.22816840e-02  6.03918145e-02
  -2.25273253e-04  8.26473719e-02 -7.91878755e-03 -6.10418725e-01
   7.47314837e-01  2.65751444e-01  5.17653248e-01  3.68946657e-01
   7.44201558e-01  2.83760270e-02 -6.41377738e-02 -1.62623055e-01
  -6.57716227e-02]
 [-2.62767125e-01 -5.91764131e-02  6.02945933e-01 -4.65675642e-02
  -1.15235189e-01 -3.87902295e-02  8.95113694e-02  3.21074344e-03
   1.03046429e-01  2.39801485e-02  2.85924879e-02 -1.00445672e-01
  -1.54317942e-01  6.20139371e-02 -2.62881987e-02 -1.96026811e-01
  -5.05757706e-01 -9.43591748e-02  1.27963779e-01  1.56341982e-02
  -1.37830277e-01 -2.21115288e-02 -1.66217021e-02 -1.34834189e-01
  -1.46393386e-01  1.74462172e-01 -1.41496871e-05  6.59989244e-02
  -2.67506432e-03 -6.69483846e-02 -1.98018000e-02 -4.53447137e-01
   3.63656216e-02 -3.79988117e-02  2.28644405e-01 -8.89283273e-03
   5.38449217e-03  2.60865047e-01 -5.40819120e-02 -2.88109529e-04
  -1.67561371e-02  5.63766846e-03 -5.52659174e-02 -2.93335805e-01
  -8.70665283e-01  1.90631390e-03  3.48776108e-02  2.60993794e-02
  -1.03185779e-01  3.56564320e-03  1.06777828e-01  3.45797573e-03
  -6.08718476e-03  2.49158993e-02  2.34283329e-01  4.85071344e-02
   1.60001544e-02 -7.84630176e-02 -1.07791365e-02  1.10654870e-03
   1.22223098e-02 -8.59613059e-03 -8.46319925e-01  4.37790965e-02
  -3.27103655e-02]
 [-1.60735139e-02  7.24427170e-03 -5.54564629e-02 -2.40780554e-03
  -1.67424822e-01  9.72957125e-03  2.55851999e-02  7.30227047e-03
   2.69918280e-03 -5.15853012e-01 -1.48888009e-03 -2.70311433e-01
  -5.48933632e-01 -1.32419473e-02 -1.00798975e-02  1.06642881e-03
  -9.23127955e-02  1.30549788e-04 -1.20516476e-02 -1.82875930e-01
   5.06811229e-02  1.88696149e-02  9.65489280e-02 -5.13474761e-01
  -4.39051139e-02 -1.18022959e-01  7.24591204e-05  9.20906862e-02
  -3.73288818e-02  2.96784224e-02  9.00227100e-04  1.31074478e-03
   3.49979498e-02 -6.41687780e-02 -5.49082529e-04 -1.46244051e-03
  -1.64557053e-02  9.92622447e-03  2.03475976e-02 -1.86649674e-02
  -9.11822917e-02 -1.53956303e-01 -1.55785667e-01 -5.30534456e-02
  -9.73433086e-02 -8.55397208e-04 -4.79983776e-03 -9.51925134e-01
  -6.05213424e-02  1.22247733e-01 -2.71411202e-02 -1.52187650e-01
   2.90556667e-02  2.90835560e-01 -3.05327487e-03 -3.55639629e-02
   1.09026528e-03  3.89113279e-02 -8.48939714e-02 -2.10425654e-02
   1.72626904e-02  6.92164393e-03 -2.19286521e-03  5.92605452e-04
  -5.64140097e-02]
 [-2.55879384e-01 -5.70596772e-02  2.37372120e-01 -2.94005842e-02
   3.19460304e-01  3.33225144e-03  5.47689278e-03  1.44238861e-03
   2.19563459e-02 -8.48190650e-04 -1.18826100e-02  2.18278407e-01
  -2.86211961e-05  3.65077962e-02  2.09745918e-01  3.63616963e-03
  -2.59305756e-01 -4.83148723e-01  2.55725152e-01  3.83024680e-01
   1.17191591e-01 -8.04813494e-04  7.54021400e-02  2.71630143e-01
  -2.79564086e-02 -2.57515265e-03  1.38223299e-01  6.14891682e-02
  -6.39421537e-02 -3.84747337e-03  3.15039951e-04  3.57239636e-04
   1.00623651e-01 -2.66579825e-01 -3.89952117e-02  4.65802735e-02
   1.92960423e-02 -9.90090982e-03 -1.37927471e-02  3.16342183e-02
   2.66976444e-01 -1.07371182e-01  3.39824632e-02 -1.88421382e-01
   4.51932286e-04 -8.35490818e-02 -4.47061974e-02  1.59049317e-01
   6.45124796e-03  7.51838332e-03  5.06879313e-02  8.17909641e-02
   1.39525223e-02  2.10195520e-01  5.13862212e-03 -2.74675060e-02
   2.86789597e-01 -3.04226712e-02  2.86435099e-02 -2.52011702e-01
   4.76710205e-03 -7.30904671e-03  3.97574796e-01  5.06157701e-02
   1.35603364e-02]
 [ 3.96142677e-02 -5.15629902e-01 -1.70463099e-02 -1.02872574e-02
  -1.75902387e-01  6.14966455e-02  2.16414359e-01 -2.82054090e-02
  -1.43269850e-01  3.27460858e-04 -5.51566420e-02 -4.50191062e-02
   8.14701870e-02  7.83096491e-01  1.95882877e-02 -4.03158138e-01
   3.03098376e-01 -1.57942900e-03  3.82932012e-03  5.24270467e-02
  -9.46472160e-02 -2.82287975e-02  9.28172946e-02 -6.48137683e-03
   2.74323243e-02  7.06995927e-01  1.00000000e+00 -3.21792235e-02
   3.12754886e-02  4.41545108e-02  5.94119756e-01  1.44804262e-01
   1.87188759e-02 -5.88942092e-03 -3.96599172e-01 -4.77199978e-02
   7.99285021e-03  4.65045060e-02 -5.63615643e-03 -5.60496454e-02
   3.50645198e-01 -3.25564875e-01 -7.33888489e-03  1.18483272e-01
   1.21133791e-01  1.40788700e-03  6.77718882e-02  2.21429484e-02
   2.49647667e-02  8.19204379e-01  6.85716507e-02 -2.20214523e-02
  -1.31423684e-01  4.31982884e-02 -1.59719147e-01  1.23917259e-03
   2.45906636e-01 -1.15922101e-01 -4.24059594e-02 -8.56603350e-02
  -1.12188298e-02  6.09789559e-03  3.42454922e-01  4.37448068e-01
  -4.66417893e-02]
 [-5.58538613e-02  5.76693405e-02 -1.00000000e+00  1.63819519e-03
   2.02007076e-01  8.22345159e-02  3.36389790e-02  2.43684953e-01
   6.68818121e-03 -4.68726416e-02 -1.49511536e-02  1.53543005e-02
   2.91762706e-02 -3.65554474e-02  3.21342988e-01 -1.43303090e-02
  -5.33445581e-04  6.83804231e-01 -1.94051509e-01 -5.02222135e-02
  -3.46416621e-02 -3.20489477e-01 -6.82412586e-02  4.17186237e-01
  -4.78598763e-02  5.86122270e-03  2.71199284e-01  5.24922784e-02
  -2.71823714e-03  8.46721379e-02  1.24970796e-03 -4.09437978e-03
  -3.15212488e-02 -6.52108716e-02 -1.33627869e-02 -1.69803784e-02
   1.88868247e-01  1.25647747e-02 -4.83004341e-02  3.02544878e-02
  -2.58613005e-01  1.07326414e-01 -1.97941324e-02 -4.12721194e-01
   9.39459319e-02 -2.31015871e-02 -2.26148006e-02 -4.13472029e-02
  -1.89566697e-01  4.69573968e-02 -1.37777309e-02  3.54182748e-02
   3.89620313e-02  3.18771502e-01 -1.76727754e-01 -6.24808818e-01
   1.46946846e-01 -9.24168146e-02  2.66317163e-01  1.44319462e-01
  -9.59395254e-04  1.16710614e-02  3.10855910e-01  6.14994992e-02
   1.65835148e-02]
 [ 5.04402126e-01  1.72547080e-02 -9.63584925e-02  2.82896703e-02
  -9.78377835e-03  8.08033135e-03 -9.06385805e-01 -8.28917410e-02
  -1.07649202e-01 -2.31567079e-01 -5.02802255e-02 -2.10388771e-02
   2.63317760e-02  1.02016997e-01 -3.03237789e-02  5.96240312e-01
  -4.39134082e-02 -9.23649302e-02  6.78302015e-03  8.80023411e-03
  -1.73212399e-02  2.18370483e-01 -7.38263321e-01  3.10446518e-03
   3.99658946e-03  4.42791854e-04  1.11783291e-01  1.21396807e-02
   2.02094943e-02 -5.36586888e-04 -1.51559150e-02 -6.84205214e-02
   6.61283236e-01 -4.11605344e-04  2.54419708e-01  3.88197650e-02
   3.29580588e-01 -8.55003565e-03  7.39087508e-02 -2.86659382e-01
   7.86006942e-02 -2.70250837e-01 -5.25820356e-02 -5.64583124e-01
  -2.42902995e-01  4.58432291e-02  1.61077695e-02 -1.62896111e-01
  -3.83742367e-02 -2.74594825e-04 -1.44902264e-02  5.40095931e-02
   1.84275571e-02 -1.41005738e-01  7.71938659e-03 -3.31304219e-03
   1.87671853e-04  1.74866294e-02 -5.57890820e-03  1.05113113e-01
   6.04412066e-01  2.36397289e-02 -5.26792376e-01  4.03155662e-02
  -5.04424554e-04]
 [-2.35314143e-03 -4.17763957e-03  3.18536700e-03 -2.53636894e-01
   2.83291186e-01 -4.01343670e-02  1.64095345e-02  1.22133383e-02
   6.56800435e-03  3.26488675e-01 -2.07925651e-02 -4.37126404e-02
  -1.10301263e-03  7.32207047e-02 -2.62994029e-03  1.00000000e+00
  -5.86485862e-02  1.27189038e-01 -1.64397375e-01 -4.22614545e-01
  -5.06219855e-04 -2.83968124e-01  9.06294367e-02 -6.19419616e-03
  -1.38904045e-01 -5.03464424e-02 -2.60803581e-04 -2.85228343e-01
   9.14047900e-01  2.87767783e-02  1.09458247e-01  6.22045946e-02
   1.84022540e-01  2.00570161e-01 -4.98537506e-03 -4.12249828e-02
  -6.69901120e-04 -5.25171638e-03 -1.59057875e-01 -7.48542131e-03
  -1.71671695e-03  9.26086926e-02  6.19016759e-03 -7.60523865e-01
   1.43054386e-03  2.74517466e-02 -1.12938363e-01 -1.58981929e-01
   5.49357993e-01  9.33606937e-02 -2.66959279e-03 -1.19531049e-02
   4.22415743e-03 -8.89120014e-02  2.00157423e-02 -3.05497567e-02
   4.06713494e-02  1.09594504e-01 -1.10011904e-01  1.77468181e-03
  -1.18599791e-02 -1.28534001e-01 -8.29169842e-01 -3.94753264e-02
   8.94751069e-03]]"
8,"[[ 3.45369303e-01 -1.00000000e+00  6.95081028e-01  8.01228883e-01
  -6.89731432e-01 -1.00000000e+00  1.15500449e-01 -2.05318701e-01
  -2.08082655e-02 -9.16840003e-01  6.74595474e-01  9.33217338e-01
   6.47039766e-02  1.00000000e+00  3.25907317e-01 -1.00000000e+00
   3.24889587e-01 -6.91218677e-01  9.81485980e-01 -5.80089314e-02
  -1.17331075e-01 -5.18928476e-01  9.48874757e-01 -1.79459925e-01
  -2.52405787e-01 -2.74326062e-01  4.61155057e-01  2.26337283e-01
   6.24595153e-01  3.06573074e-01  5.47822999e-01 -4.09215863e-01
  -4.87585007e-01 -1.00000000e+00  7.69159382e-01  7.89506272e-01
  -1.31050829e-01 -1.00000000e+00 -5.45501012e-01  8.43765188e-01
   8.88736100e-01  4.93843815e-01 -5.63574524e-01  1.63231643e-01
   2.82091158e-02  2.16713211e-01  6.39326570e-01  1.16926364e-01
   3.56522006e-01  8.05799858e-02  2.82954025e-01  8.51498627e-01
  -9.18132682e-01 -2.51198962e-01 -5.38101326e-01 -8.29730081e-01
  -2.11208765e-01  8.85132436e-01 -8.58023573e-01  1.00000000e+00
  -1.00000000e+00 -3.79802762e-01  8.27767447e-02  6.81370915e-01
   7.90003455e-01]
 [ 8.42129647e-01 -3.80228512e-01 -2.95428046e-01  8.71513213e-01
  -1.19621623e-01 -6.98051528e-01 -1.00000000e+00 -6.41074343e-01
   6.01237756e-01  1.64018128e-01  5.22113848e-01 -4.98699498e-01
   8.45552539e-02  6.27080336e-01 -4.33465945e-01  3.88117472e-01
  -6.85107840e-01 -4.03826382e-01 -4.22317220e-01 -1.00000000e+00
   5.35476250e-01 -4.06498917e-01  1.04056736e-02  5.17894790e-01
   5.08071917e-01  9.57645186e-01 -5.06769377e-02 -3.50329083e-01
  -8.05813614e-02 -1.00000000e+00 -8.56149094e-01 -1.00000000e+00
  -6.51080297e-01  4.32616101e-01 -8.81764498e-01 -3.06064776e-01
   1.00000000e+00 -2.84460342e-01  8.17769232e-01 -1.00000000e+00
  -1.97521339e-01 -1.00000000e+00 -1.96314709e-01  5.73619080e-01
  -1.00000000e+00  4.88318752e-01  7.45399022e-02 -1.00000000e+00
  -8.41469736e-01  7.03542350e-02 -4.28333677e-01  1.68495815e-01
   1.69741807e-02  1.00000000e+00 -1.63823926e-01 -9.66194626e-01
   1.37077765e-01  2.32942496e-01  5.50370561e-01  1.00000000e+00
   4.41249593e-01  6.86138206e-01 -1.00000000e+00 -8.81451763e-01
  -1.00000000e+00]
 [-5.11730420e-01 -1.00000000e+00  9.04545007e-01 -2.08931939e-01
  -1.00000000e+00 -1.00000000e+00  3.23989568e-01  6.57345463e-01
   3.12974731e-01  7.59219923e-01  4.39111348e-01 -7.92333446e-01
  -9.60663221e-01  2.32931750e-01 -8.87360850e-01 -2.57000103e-01
  -6.99555042e-01 -1.17916376e-01  6.77776380e-01  2.09702910e-01
  -1.80818804e-01 -9.39050308e-01 -8.42559595e-01 -9.17287452e-01
  -7.47941417e-02  1.00000000e+00  1.73573456e-01  5.44121034e-01
  -7.64291769e-01 -8.35331809e-01 -1.00000000e+00 -6.39954207e-01
   1.00000000e+00 -9.46197260e-01  8.61945606e-01 -6.28149894e-01
   1.00000000e+00  3.70150424e-01 -4.28325991e-02 -2.69859701e-02
  -6.57010894e-01  4.26034925e-01 -3.71815470e-01 -9.63800032e-01
  -1.00000000e+00  3.23219090e-01  1.00000000e+00  1.60266917e-01
  -8.55604864e-02  3.12647299e-01  6.11365586e-01  2.56471603e-01
  -6.15355014e-01  7.96725226e-01  8.50807369e-01  1.00000000e+00
   2.21365126e-01 -1.00000000e+00 -7.89996433e-01  9.49410888e-01
   9.24741316e-01 -1.83404535e-01 -5.06127828e-01  1.00000000e+00
  -1.00000000e+00]
 [-9.24912378e-01  5.48617093e-01 -1.98370824e-01 -2.75516596e-03
  -1.34713914e-01  2.61373474e-01  1.00000000e+00  9.47215068e-02
   3.83574790e-01 -1.00000000e+00 -5.19672801e-02 -8.89230362e-01
  -8.66200534e-01 -8.68380206e-01 -3.38324817e-01  1.00000000e+00
  -1.00000000e+00  3.47654434e-02 -4.31749404e-01 -4.62981363e-01
   8.46843701e-01  5.77513381e-01  7.83556769e-01 -1.35887362e-01
  -6.89615001e-01 -2.04821902e-01  3.17448377e-01  1.21062363e-01
  -9.07927734e-01  5.93909886e-02  3.11138083e-01  9.90802714e-01
   9.63646214e-01 -8.85351711e-01 -4.34068032e-01 -7.16880650e-01
  -7.52153966e-01  3.34270624e-01  9.02062693e-01 -1.00000000e+00
  -6.91751349e-01 -6.76523020e-01 -1.78368654e-01 -1.00000000e+00
  -7.14123802e-01 -1.00000000e+00 -5.21280458e-02 -1.00000000e+00
  -5.67192948e-01  5.93426500e-01 -1.00000000e+00 -3.82443633e-01
   9.28468145e-01  1.00000000e+00 -9.94418008e-01 -4.81512848e-01
   3.23609339e-01  1.00000000e+00 -4.56272706e-01 -2.62081054e-01
   8.18441342e-01  5.48739286e-01 -2.12174020e-01 -1.20420647e-01
  -8.29208006e-01]
 [-2.41383687e-01 -1.19857617e-01  2.32769274e-01 -9.24554493e-01
   6.38714372e-01  9.12319467e-01  1.30471116e-01  1.80851252e-01
   3.99947408e-02  3.98906191e-04 -9.23253905e-01  3.81262391e-01
  -1.14923936e-01  7.89033920e-01  9.71309834e-01  3.49867053e-01
  -5.36706991e-01 -6.97926648e-01  9.38932435e-01  2.07861362e-01
   5.68211148e-01 -8.98428779e-01  8.99474932e-01  3.99291038e-01
  -7.07738962e-01 -4.93433850e-01  3.20297109e-01  6.13333973e-02
  -1.94575458e-01 -1.34108001e-01 -2.94762395e-01  1.32754086e-01
   7.93302172e-01 -9.08427033e-01 -1.98223676e-01  1.90662476e-01
   2.74520982e-01 -6.14754436e-01 -1.00000000e+00  1.74918621e-01
   1.00000000e+00 -5.82938552e-01  9.11419555e-01 -7.54641907e-01
  -8.58811941e-02 -1.00000000e+00 -2.28516395e-01  6.51833303e-01
   5.98585228e-01  1.00000000e+00  1.00000000e+00  4.55002052e-01
   8.46694535e-01  5.52202535e-01  7.65227381e-01 -3.33181311e-01
   8.02410738e-02 -1.00000000e+00  1.00000000e+00 -9.64394979e-01
   8.77235033e-01 -2.05767624e-01  6.52565002e-01  6.81950534e-01
   7.29759469e-01]
 [ 5.49755429e-01 -8.61505107e-01 -7.35027008e-02 -8.58174889e-01
  -5.61741209e-01  8.87194619e-01  8.02019600e-01 -5.19110037e-01
  -6.79827417e-01  1.91521985e-02 -9.00655586e-01 -1.00000000e+00
   3.33164721e-01  1.00000000e+00  6.70968831e-01 -6.15683316e-01
   3.42666535e-01  9.25635749e-02  2.54548404e-01  6.64882247e-01
  -9.56958942e-01 -6.80775240e-01  1.00000000e+00 -7.13166000e-01
   6.14643412e-01  3.27067654e-01  3.41289602e-01 -6.70861364e-01
   9.62474070e-01  9.15447453e-01  3.05788898e-01  3.54608738e-01
   2.99347400e-01 -1.00000000e+00 -1.24129549e-01 -1.48209849e-01
   4.63111008e-01  4.95968255e-01 -1.00000000e+00 -1.31629947e-01
   5.30421001e-01 -6.54589440e-01 -1.00000000e+00  1.30081417e-01
   1.00000000e+00  1.38980862e-02  1.00000000e+00  1.00000000e+00
   9.53157415e-01  8.38351942e-01  9.52857799e-01 -2.79260303e-01
  -1.00000000e+00  1.00000000e+00 -4.58922995e-01  5.41513077e-02
   8.11986553e-01 -1.00000000e+00 -8.74782798e-01 -1.00000000e+00
  -1.00000000e+00  3.96188286e-01  6.91151544e-01  3.76708132e-01
  -1.00000000e+00]
 [-1.00000000e+00  6.84991502e-02 -6.43440170e-01  2.74524192e-01
   7.01265442e-01  1.34215529e-01  4.62382457e-01  2.56319671e-01
   7.62669878e-01 -9.69496099e-01 -1.60074349e-01  1.39087804e-01
   1.00000000e+00 -4.47181638e-01  3.65638018e-01 -2.86661007e-01
  -8.31791953e-02  1.00000000e+00 -1.00000000e+00 -9.31131611e-01
  -7.09265749e-01 -8.72685689e-01 -6.62646444e-01  7.52939384e-01
  -2.54936391e-01  1.35963058e-01  4.55314944e-01  1.00000000e+00
  -7.25582726e-02  9.09259309e-01  7.16109171e-02 -1.00000000e+00
  -7.32372890e-01 -9.72382896e-01 -8.54744556e-01 -4.30965697e-01
   1.00000000e+00  9.42782810e-01 -6.85710151e-01  2.61141146e-01
  -1.00000000e+00  6.37471852e-01 -1.04919669e-01 -1.00000000e+00
   9.37779108e-01 -4.56501545e-01 -4.92629308e-01 -8.82441692e-01
  -6.70329474e-01  2.45703220e-01 -1.96666193e-01  1.85669741e-01
   3.83794150e-01  1.00000000e+00 -3.25671267e-01 -6.81945851e-01
   1.00000000e+00 -5.21543198e-01  1.00000000e+00  3.10116163e-01
  -1.17863821e-01  4.46429558e-01  1.00000000e+00  1.00000000e+00
   8.22737301e-02]
 [ 1.62365372e-01  5.33018204e-01 -5.75463512e-01  3.85810236e-01
  -2.32006036e-02  2.06899068e-01 -1.00000000e+00 -8.65720565e-01
  -1.00000000e+00 -8.61163966e-01 -4.85127463e-01 -4.32614021e-01
   1.00000000e+00  1.00000000e+00 -1.00000000e+00  3.36832865e-01
  -3.80410357e-01 -4.04772543e-01  2.20094385e-01  5.27168494e-01
  -3.65807848e-01  9.76261687e-01 -7.67029171e-01  7.61291158e-03
   7.50823849e-01  2.04878810e-01  9.85262617e-01  1.11608573e-01
   7.63654875e-01 -6.05228782e-02 -2.38258723e-01 -9.22616328e-01
   2.86556124e-01 -8.50242896e-01  6.26247254e-01  1.00000000e+00
   3.84309023e-01 -1.33862623e-01  5.88073841e-01 -1.76228877e-01
   8.61315256e-01 -9.55385912e-01 -3.23799534e-01 -9.32163792e-01
  -1.00000000e+00  9.02113212e-01  4.91258004e-01 -9.73083544e-01
  -7.91586602e-01 -1.00000000e+00 -8.82654998e-01  1.00000000e+00
   5.81880673e-01 -6.79828946e-01  4.12862530e-01 -9.80910439e-01
  -2.57066499e-01  9.85422805e-02 -5.24053402e-02  8.72611564e-01
   5.04362927e-01  7.51915296e-01 -6.49027056e-01  9.71834157e-01
   9.16702406e-01]
 [-9.51707479e-01 -1.00000000e+00  6.09674935e-01 -1.60784308e-01
   7.51188503e-01 -3.07702823e-01  8.57994980e-01  1.51665988e-01
   1.67098539e-01  1.00000000e+00 -4.63156874e-01 -8.49661352e-01
  -5.04330835e-01  2.80403994e-01 -9.52824474e-01  1.00000000e+00
  -6.43981046e-01  8.94274926e-01 -7.95836624e-01 -9.65035193e-01
  -1.00000000e+00 -8.95518879e-01  2.84620536e-01 -1.97188721e-01
  -4.49965544e-01 -1.86976849e-01  1.75357202e-01 -1.00000000e+00
   1.00000000e+00  5.26967763e-01  6.24262092e-01  4.47244228e-01
   2.71787189e-01  1.00000000e+00 -6.77816008e-02 -2.07601500e-01
  -1.00000000e+00 -1.00000000e+00 -9.85403631e-01 -9.89645872e-01
  -6.21898067e-02  3.84192699e-01  4.51058601e-02 -8.96224722e-01
   8.97111577e-01  1.00000000e+00 -1.67718414e-01 -7.17221195e-01
   4.47556022e-01  2.25053343e-01 -1.00000000e+00 -4.78625662e-02
   3.89344421e-01 -1.00000000e+00  1.58438590e-01 -1.00000000e+00
   8.20849681e-01  1.00000000e+00 -3.75516808e-01  3.65232375e-01
  -1.00000000e+00 -5.72103495e-01 -2.22776048e-01 -1.00000000e+00
   9.13949118e-01]]"
9,"[[ 1.47280583e-02 -4.83645631e-02  2.43565813e-02  7.89102470e-03
  -2.70730232e-03 -8.76540658e-02  4.83584734e-02 -3.53435740e-01
  -2.64038144e-03 -2.30433831e-01  8.04909832e-02  4.98773630e-01
   3.79515675e-03  1.00000000e+00  3.71926703e-02 -2.51047461e-03
   5.37670680e-02 -3.99417427e-02  3.09257040e-02 -1.61035222e-04
  -4.24305292e-03 -7.79590060e-01  2.75182585e-01 -2.03198788e-02
  -5.70370309e-01 -2.44638915e-03  2.17016065e-03  2.48253730e-02
   5.39573458e-03  1.91727014e-02  2.55862850e-02 -5.87864156e-03
  -1.51709922e-01 -1.20639926e-01  4.88149144e-02  2.36421537e-01
  -9.39381914e-02 -9.67458245e-02 -2.41377153e-02  4.28244370e-02
   2.21550335e-01  5.69955128e-02 -1.25717485e-01  6.32838047e-02
   2.98789320e-04  1.09578082e-02  3.66851848e-02  3.39590624e-02
   1.21784258e-01 -3.31865935e-04  6.69021348e-02  6.79426715e-03
  -6.05995480e-01 -9.08421744e-03 -7.14607353e-01 -3.75286125e-01
  -5.36497989e-03  1.73280404e-02 -4.51109362e-02  6.03740730e-02
  -3.83812099e-02 -1.70472891e-02  2.92246168e-02  4.53233189e-02
   1.23379835e-02]
 [ 1.02891687e-02 -2.59775859e-02 -7.43594632e-02  5.59968010e-02
  -5.96989271e-02 -3.70751493e-03 -3.67612247e-02 -7.10635834e-01
   1.31982665e-02  3.22338245e-03  8.96372593e-02 -3.97082086e-02
   1.12968955e-03  8.52520184e-02 -4.73422851e-03  2.12019243e-03
  -2.72440743e-01 -1.89629191e-02 -2.13518170e-02 -6.29816596e-01
   1.36903783e-01 -1.72661892e-01  8.67330428e-03  1.11097343e-02
   8.36873272e-03  1.31732331e-01 -3.31218188e-02 -6.35375385e-03
  -1.40100347e-03 -5.31648689e-01 -1.30209147e-04 -4.89086945e-01
  -1.61047842e-01  1.94546244e-02 -4.25286419e-03 -1.94809391e-01
   4.37594229e-02 -2.30516112e-01  1.29465776e-01 -1.22622777e-01
  -1.66708281e-03 -1.79545006e-01 -8.75236096e-02  6.17171216e-02
  -2.26989153e-01  2.43364698e-01  7.63999203e-01 -2.55511366e-02
  -1.52987905e-03  7.11187830e-03 -5.83828425e-02  2.31504560e-03
  -3.24863638e-03  1.41980098e-01 -1.06719553e-02 -3.39614055e-01
   8.47863995e-02  6.26238227e-01  2.37910733e-03  1.93947626e-02
   6.45641771e-01  4.25986896e-01 -2.91182412e-02 -6.89978857e-03
  -3.88094114e-03]
 [-1.00976339e-01 -8.40995344e-03  1.72638992e-01 -3.72846299e-01
  -1.63548630e-02 -4.14767438e-03  9.08473047e-03  7.65089103e-03
   5.89420350e-02  1.26348060e-01  5.46568099e-04 -3.16444957e-01
  -1.14936890e-02  1.18423372e-02 -5.86465327e-02 -9.26845092e-04
  -9.63914187e-02 -2.53657522e-02  2.38711899e-02  3.38491309e-03
  -1.89703613e-01 -5.31199991e-03 -6.15207017e-01 -9.87026075e-04
  -1.45215645e-02  1.59769413e-03  1.37900213e-02  7.78869459e-02
  -9.37168998e-01 -4.47809435e-01 -2.29070406e-01 -4.56948431e-02
   1.43724635e-01 -4.84898805e-02  2.94210417e-03 -8.09161496e-02
   2.64555092e-01  2.52786165e-01 -1.82979146e-03 -2.69563247e-04
  -7.24743907e-02  8.01193042e-03 -7.40717064e-02 -3.65151109e-02
  -4.09221620e-01  8.46506918e-02  1.20534448e-02  2.04343822e-02
  -6.30028491e-02  1.24968797e-02  1.67657321e-02  9.05503521e-03
  -2.08320151e-01  4.36326562e-01  3.72412929e-02  3.77355779e-01
   3.59823006e-02 -1.50074756e-02 -5.03408470e-01  2.12051236e-01
   6.79992641e-01 -3.67068050e-02 -2.63011166e-01  2.75007327e-04
  -1.77741243e-01]
 [-2.03065176e-02  1.05162843e-02 -2.71847058e-03 -7.06291205e-03
  -1.61689089e-02  2.52185890e-01  4.16656154e-02  8.64166522e-03
   6.31289455e-03 -3.07122533e-01 -3.49313299e-01 -3.01095826e-02
  -2.08168493e-01 -1.85910020e-02 -1.39904597e-01  3.91376849e-02
  -1.09659066e-03  3.12057653e-04 -7.33180677e-02 -6.95138847e-02
   5.43449702e-01  6.64380038e-02  3.37927202e-02 -3.91841974e-01
  -1.09125675e-01 -2.12210444e-03  5.45589430e-02  1.22850200e-03
  -5.21827562e-01  3.70234558e-03  6.67133742e-03  2.40831872e-02
   1.19630485e-02 -1.46024474e-01 -9.81753992e-04 -1.30973085e-01
  -2.30514881e-01  6.01141775e-02  1.46419197e-01 -2.14282478e-03
  -4.54061589e-02 -2.02064184e-01 -2.96113111e-01 -1.94716757e-01
  -1.96183469e-02 -1.91967304e-02 -9.83066250e-03 -1.21639647e-01
  -1.39669023e-01  1.68107493e-01 -2.23708581e-01 -8.21272684e-02
   6.02491979e-02  3.40513266e-01 -2.05374574e-02 -6.42406392e-02
   5.44989540e-02  7.77069149e-02 -1.16185865e-01 -4.19124112e-02
   8.01153498e-04  2.13669727e-01 -2.56204064e-02 -2.39136880e-02
  -2.48846313e-01]
 [-2.51505311e-03 -2.10540646e-01  4.84344430e-01 -1.21151217e-02
   1.00000000e+00  4.88698445e-01  5.12161242e-03  3.09619774e-03
   7.20836724e-02 -2.44054985e-02 -5.19078461e-02  3.30723812e-03
  -2.02833250e-03  8.52969791e-03  4.12283892e-01  5.73036111e-01
  -5.14764742e-02 -5.36249797e-02  4.76060938e-02  6.07963585e-03
   2.55334643e-01 -2.44374406e-02  1.12014728e-01  6.78653477e-01
  -4.01374531e-02 -3.03699278e-02  8.87552995e-01  2.64587453e-03
  -2.16820578e-03 -5.49946269e-03 -1.42869899e-04  3.87550141e-02
   5.12313071e-02 -6.06273742e-01 -3.30936519e-01  6.66494262e-02
   2.34071464e-01 -1.99290907e-02 -9.40440675e-01  8.95497428e-02
   4.45518555e-02 -1.47063786e-02  1.85493531e-01 -4.95563944e-02
  -1.78324413e-02 -1.00000000e+00  1.59578844e-07  6.28905145e-01
   6.23742523e-04  7.56156865e-02  6.66758500e-03  7.54109769e-01
   1.05209866e-01  1.22314685e-01  1.43106707e-03 -1.64122270e-02
   1.97385903e-02 -1.84456547e-01  3.11507238e-02 -2.13691443e-02
   1.56885145e-01 -3.22341018e-02  5.19471308e-03  4.21823567e-01
   9.74026171e-01]
 [ 2.34858548e-02 -1.00000000e+00 -7.17934206e-02 -1.31730827e-01
  -6.59199039e-02  1.25609301e-01  2.22076854e-02 -2.11786638e-01
  -2.27934991e-01  1.51934654e-02 -1.31785834e-02 -7.83019491e-02
   3.04416293e-01  6.01499300e-03  7.27419997e-02 -3.43374327e-02
   4.84087601e-01  1.62196636e-02  1.65169292e-02  3.90237290e-03
  -1.82783538e-01 -4.88107450e-01  6.88314371e-02 -2.11021926e-02
   1.97413808e-01  1.83827826e-01  8.60027781e-03 -4.50238220e-02
   1.40787976e-02  4.71541210e-01  4.15741835e-01  2.18386900e-01
   8.81956301e-01 -6.54357052e-03 -6.28742169e-03 -2.48778057e-02
   3.49152375e-01  7.87074498e-03 -4.86320324e-01 -2.74031450e-02
   3.31813830e-01 -6.93070474e-02 -3.15850641e-03  5.32081446e-02
   8.18077489e-02  1.07461326e-02  3.61607362e-01  1.18766320e-01
   6.42945310e-01  1.61297938e-02  6.89806334e-02 -8.01445059e-01
  -4.44415344e-03  1.73913171e-03 -1.07585732e-03 -9.10687655e-05
   6.27173755e-01 -4.18121382e-01 -4.65767690e-02 -1.23022116e-01
  -4.88909692e-03  2.70458214e-02  1.60446053e-01  2.12815625e-01
  -8.15977503e-02]
 [-6.18517677e-02  4.06648886e-01 -3.16520626e-01  4.30501723e-02
   1.03465620e-01  3.44154583e-03  1.21160327e-02  2.67770443e-01
   1.75818668e-01 -1.79747150e-02 -2.14925309e-02  1.17826460e-03
   3.06660400e-01 -8.51365458e-01  4.02762439e-01 -7.35820070e-02
  -2.40027883e-02  2.18455934e-01 -3.64553168e-02 -1.37548404e-02
  -5.31250958e-01 -5.13734714e-03 -2.59526196e-03  9.52278389e-03
  -4.43200063e-01  3.32306216e-02  6.79049016e-02  1.05999533e-02
  -2.77152333e-03  1.63796347e-01  2.78196297e-02 -1.48595053e-02
  -3.02422266e-01 -7.04732233e-02 -1.33640921e-02 -9.66664707e-03
   3.34622432e-01  1.71839160e-01 -8.84042379e-03  1.56331306e-01
  -6.62362584e-01  1.67881169e-02 -3.30010393e-02 -1.55893988e-02
   9.32540493e-01 -2.24909835e-01 -6.95189794e-02 -1.01903637e-02
  -2.34242584e-02  3.69965908e-03 -7.03828410e-01  7.93254536e-03
   1.25667419e-01  1.37732091e-01 -4.20072149e-02 -1.67457595e-03
   4.02230472e-02 -6.89811109e-02  2.12994517e-02  1.38931271e-01
  -8.39185638e-02  1.00914416e-01  4.79223660e-01  9.92496920e-01
   6.69408410e-02]
 [ 6.83161695e-01  4.40867491e-03 -3.02111429e-02  3.28442388e-01
  -1.56144371e-03  4.18120570e-02 -2.47744881e-01 -3.95962870e-01
  -1.00000000e+00 -8.84490862e-01 -4.75482409e-01 -7.87811798e-02
   8.70186621e-01  8.41132856e-01 -5.18869335e-02  1.27887875e-02
  -2.04077694e-02 -9.02444569e-02  1.11167687e-01  1.09204777e-01
  -2.34513202e-01 -1.03992912e-05 -2.14770817e-01  7.75134321e-04
   6.41184235e-02  1.43651860e-02  9.47865524e-02  2.60811966e-04
   2.94413472e-02 -1.43629940e-02 -1.20316269e-02 -2.26752969e-02
   2.90317119e-02  6.14709064e-04  6.10608759e-01  6.98348533e-02
   1.98740575e-03 -6.23894300e-05  1.56715454e-01 -2.50175844e-02
   2.04191686e-01 -1.00000000e+00 -2.11866873e-03 -1.55080452e-01
  -2.25170117e-02  1.42295618e-03  1.84613163e-01 -2.31631897e-01
  -7.12764958e-01 -1.85140303e-02 -5.06147472e-02  3.18055450e-01
   1.00000000e+00 -1.12583612e-01  1.91245339e-02 -1.45705984e-04
  -2.89871077e-01  6.81445947e-03  4.59085900e-04  1.24441097e-02
   2.03565319e-02  1.97199796e-01 -2.05276565e-02  3.33304266e-02
   1.95195012e-04]
 [-1.01906329e-01 -1.98949044e-02  1.32110207e-03 -1.38346913e-01
   1.60396175e-01 -5.31392981e-03  1.98401779e-01  2.09542603e-01
   2.46645563e-02  3.43035389e-03 -2.83931219e-01 -7.51926443e-02
  -2.08262115e-02  2.40185340e-03  3.07701110e-05  9.09630152e-01
  -4.27319535e-02  5.26921196e-02 -8.78515765e-02 -1.44314359e-02
   6.70729445e-04 -1.21411568e-01  1.18932238e-02 -1.72974370e-02
  -3.64299765e-03 -7.15411238e-01  2.54393245e-02 -4.43176083e-01
   5.01147586e-03  8.56609414e-02  1.34012016e-01  5.58761308e-02
   3.19500851e-02  2.63076036e-01 -2.32820354e-03 -6.21787400e-03
  -7.93667417e-03 -7.02604007e-02 -2.28799386e-01 -2.66979798e-02
   4.31498531e-04  8.09250907e-01  1.35638892e-02 -1.00680600e-01
   7.99037025e-03  1.03777392e-02 -6.46423073e-02 -6.12113692e-01
   1.07152751e-01  2.49868740e-01 -6.75637298e-02  1.75968223e-04
   1.09722538e-02 -5.95057171e-02  6.98453046e-02 -1.67730803e-02
   1.41854063e-03  2.65790570e-01 -8.37002816e-01  1.77279793e-01
  -6.47501667e-03 -9.44856362e-03 -3.40587368e-01 -3.43349289e-01
   7.22361777e-03]]"
