subject,fbcsp,eegnet,safka_csp,multikernel_safka_csp,csp
0,0.8055555555555556,0.7638888888888888,0.8819444444444444,0.8506944444444444,0.6284722222222222
1,0.4965277777777778,0.71875,0.5520833333333334,0.5277777777777778,0.5208333333333334
2,0.8333333333333334,0.7777777777777778,0.96875,0.9583333333333334,0.5277777777777778
3,0.6354166666666666,0.75,0.6041666666666666,0.6736111111111112,0.6423611111111112
4,0.8090277777777778,0.9375,0.5555555555555556,0.6458333333333334,0.5347222222222222
5,0.5972222222222222,0.7118055555555556,0.6111111111111112,0.6354166666666666,0.6041666666666666
6,0.8541666666666666,0.90625,0.6909722222222222,0.8368055555555556,0.7395833333333334
7,0.8958333333333334,0.8541666666666666,0.96875,0.96875,0.7256944444444444
8,0.9375,0.9027777777777778,0.9375,0.9548611111111112,0.8472222222222222
